,,,,,,,,,,,,,,,,,,,,,,,,,,,,,,,,,,,,,,,,,,,,,,,,,,,,,,,,,,,,,
age,1961,1962,1963,1964,1965,1966,1967,1968,1969,1970,1971,1972,1973,1974,1975,1976,1977,1978,1979,1980,1981,1982,1983,1984,1985,1986,1987,1988,1989,1990,1991,1992,1993,1994,1995,1996,1997,1998,1999,2000,2001,2002,2003,2004,2005,2006,2007,2008,2009,2010,2011,2012,2013,2014,2015,2016,,,,,
0,"443,580","461,019","469,898","476,294","478,594","469,784","464,387","454,918","452,248","429,622","437,322","412,356","384,373","357,083","343,751","329,517","314,175","319,654","345,100","357,525","356,253","347,816","348,286","347,944","361,759","364,466","369,801","380,086","376,073","378,369","387,121","382,842","369,248","367,833","356,589","349,698","357,310","347,609","343,268","332,621","324,219","323,174","330,666","342,853","349,507","358,637","369,069","384,803","382,093","386,673","390,827","397,837","385,946","379,305","378,230","380,820",,,,,
1,"422,351","442,351","459,601","468,223","475,632","476,334","468,769","466,491","453,996","449,606","425,706","435,250","409,400","382,231","355,132","342,195","327,506","313,420","318,705","343,841","356,557","353,641","346,591","348,269","347,384","362,147","363,785","368,494","379,596","375,325","377,580","386,112","381,687","368,161","367,245","355,657","349,698","356,606","347,991","342,236","330,909","325,659","323,410","330,154","343,394","349,653","360,360","369,909","384,984","381,637","385,277","393,627","400,531","389,528","383,105","382,188",,,,,
2,"415,250","422,251","441,887","458,825","466,963","473,494","475,364","469,755","466,434","452,049","445,504","424,248","433,924","407,374","380,427","353,987","340,238","327,109","312,895","317,847","342,973","355,831","352,990","346,742","348,107","347,527","362,284","363,800","368,853","379,461","375,712","377,531","385,857","381,464","368,337","366,616","355,145","350,257","357,035","347,883","340,590","332,885","326,926","323,443","331,281","343,541","350,205","362,111","370,839","385,016","382,279","387,710","396,066","403,832","393,156","386,860",,,,,
3,"406,944","415,623","421,900","441,393","457,450","465,015","472,706","476,396","469,592","464,838","447,954","443,699","423,342","432,281","405,141","379,054","351,947","339,692","326,649","311,772","316,723","342,177","355,282","353,418","347,550","349,361","348,732","363,208","365,241","370,057","380,941","375,967","377,770","385,987","381,288","368,363","366,026","354,921","351,429","356,990","347,071","342,856","334,329","327,954","324,614","331,802","344,051","350,565","363,802","371,444","385,930","384,339","389,601","398,979","406,959","396,501",,,,,
4,"391,490","406,960","415,349","421,495","440,176","455,580","464,394","473,817","476,395","468,091","460,275","446,122","442,592","422,320","430,259","403,659","377,512","351,347","339,222","326,153","310,686","315,796","341,829","355,584","354,326","349,453","349,872","348,955","363,703","365,840","371,021","380,610","375,699","378,116","386,114","381,302","368,293","365,466","355,258","352,338","356,106","349,327","344,731","335,655","329,970","325,333","332,490","344,260","350,793","365,104","372,956","387,600","386,070","392,256","401,913","410,067",,,,,
5,"378,722","391,692","406,812","414,471","420,042","438,451","454,655","464,098","471,736","471,929","456,001","458,855","444,529","441,053","421,207","428,930","402,185","376,774","350,621","338,586","325,448","310,027","315,487","342,107","356,615","355,668","349,878","349,962","349,259","364,079","366,481","370,790","380,364","375,572","377,967","386,044","380,846","368,166","364,964","354,228","352,946","357,826","351,357","346,900","336,661","330,887","326,348","332,923","344,721","351,633","366,267","374,435","389,268","388,465","394,805","404,600",,,,,
6,"369,750","378,854","391,267","405,832","413,109","418,822","437,464","454,703","463,274","469,527","465,280","455,484","458,009","442,819","439,632","420,506","428,043","401,230","376,087","350,535","338,133","324,679","309,670","315,792","342,846","357,694","356,125","350,049","350,817","350,073","364,926","366,665","371,088","380,536","376,092","378,603","386,064","381,046","369,005","364,217","354,436","354,366","359,997","353,194","348,117","337,789","332,725","327,022","333,589","345,341","351,340","367,473","375,864","391,339","390,552","396,926",,,,,
7,"374,944","370,065","378,439","390,442","404,681","411,646","417,919","437,656","453,558","461,267","463,220","465,275","455,377","456,351","441,477","438,539","420,248","427,812","400,458","375,908","350,005","337,526","324,549","310,058","316,579","343,678","358,391","356,474","350,511","351,170","350,801","365,097","366,524","371,397","380,615","376,163","378,634","385,997","381,209","368,486","363,989","355,834","356,571","362,204","354,326","349,443","339,895","334,381","327,973","334,476","344,955","352,763","368,856","377,734","393,340","392,573",,,,,
8,"370,814","375,398","369,763","377,623","389,338","403,125","410,707","417,973","436,744","451,956","451,889","463,129","465,621","454,623","454,560","440,273","437,986","420,570","427,192","400,032","375,285","349,356","337,418","324,944","310,916","317,390","344,169","358,611","357,422","351,157","351,857","351,130","365,393","366,708","371,707","380,641","376,152","378,899","386,498","380,693","368,838","365,769","357,896","358,605","363,420","355,536","351,746","341,686","336,114","329,035","334,365","346,254","354,135","370,587","379,516","395,203",,,,,
9,"368,360","371,279","375,081","368,964","376,629","387,729","402,295","411,149","417,111","435,378","446,580","451,867","463,644","464,910","453,450","452,960","439,984","437,575","420,548","427,101","399,622","374,725","349,147","337,836","325,695","311,873","317,935","344,451","358,871","357,774","351,956","352,042","351,571","365,973","366,808","372,134","380,682","376,411","379,824","386,397","381,163","370,161","367,883","359,758","359,794","364,796","357,534","353,652","343,604","337,975","329,167","335,858","347,682","355,806","372,299","381,276",,,,,
10,"375,900","367,988","371,017","375,088","369,594","375,488","387,585","402,346","409,099","415,636","436,662","446,964","452,545","463,599","464,552","453,307","452,331","439,736","436,928","420,998","426,624","398,884","374,343","349,360","338,725","326,283","312,175","318,054","344,831","359,759","358,430","351,574","351,867","352,024","366,336","366,877","372,111","380,572","376,787","379,373","385,964","383,025","371,507","368,643","360,930","361,708","367,321","359,014","354,968","345,544","339,048","330,653","337,332","349,445","357,559","374,109",,,,,
11,"390,045","375,587","368,808","371,034","375,067","367,995","374,050","387,325","401,106","409,073","420,563","437,443","447,579","452,759","463,794","465,092","453,835","451,739","439,462","436,799","421,073","425,584","398,510","374,599","350,471","340,073","327,149","312,771","318,996","345,660","360,724","359,150","352,099","352,300","352,721","367,083","367,152","372,617","381,388","376,573","379,738","387,747","384,475","371,971","370,152","362,857","363,938","368,975","360,323","357,131","346,840","340,714","332,241","339,212","351,456","359,526",,,,,
12,"405,894","389,914","376,430","368,800","370,987","373,755","366,977","373,894","386,417","401,394","410,345","420,997","438,499","447,841","453,181","463,917","465,577","455,124","451,632","439,771","436,471","420,295","424,724","398,450","375,189","351,147","340,435","327,501","313,261","319,504","346,334","360,819","359,479","352,357","352,456","353,241","367,350","367,204","373,255","380,982","376,352","380,014","389,011","384,708","372,913","372,180","365,003","365,394","370,403","362,207","358,569","348,500","342,374","334,243","341,255","353,532",,,,,
13,"440,825","406,334","390,812","376,329","368,941","369,959","372,719","367,245","373,400","386,835","399,776","410,483","421,711","438,866","448,295","453,371","464,451","466,708","456,066","451,732","439,350","435,946","419,722","424,366","399,198","375,887","351,776","340,947","328,027","314,055","320,372","346,784","361,184","359,929","352,898","353,044","353,734","368,043","368,176","373,416","381,282","376,622","380,497","389,082","385,416","374,397","374,467","366,570","366,740","372,491","363,614","360,096","349,981","344,294","336,249","343,277",,,,,
14,"469,854","442,036","407,023","390,540","376,485","368,101","369,206","373,281","366,863","374,338","389,697","400,411","411,205","422,129","439,010","448,578","453,998","465,345","467,893","457,112","451,403","439,134","435,817","419,377","424,585","400,020","376,340","352,133","341,334","329,025","314,830","320,776","347,055","361,514","360,239","353,151","352,936","354,107","368,708","367,772","373,396","381,585","377,462","379,322","389,462","386,873","376,287","376,094","367,828","368,613","374,099","365,070","361,600","351,808","346,190","337,999",,,,,
15,"384,043","471,563","442,151","406,568","390,816","377,197","368,654","373,338","374,822","371,376","381,591","390,285","402,084","412,559","422,634","439,908","449,450","454,957","466,842","469,164","457,417","451,466","439,397","436,062","420,001","425,147","400,346","376,705","352,822","342,351","329,900","315,493","321,424","347,721","362,395","360,894","353,780","353,176","354,562","367,725","368,665","373,354","383,369","378,626","380,700","390,932","389,472","379,195","379,429","370,188","371,544","375,419","366,341","363,519","353,812","348,297",,,,,
16,"379,673","382,141","472,681","436,518","401,262","389,154","377,528","367,617","373,976","379,135","371,055","381,974","391,124","403,157","412,948","423,604","440,917","450,634","456,534","468,039","469,577","457,869","452,034","440,204","436,915","420,803","425,372","400,694","377,524","353,704","343,608","330,247","315,937","321,973","348,397","362,689","361,379","354,090","353,452","354,234","369,740","368,533","375,825","385,444","381,087","381,587","393,877","392,912","382,917","382,358","373,732","372,553","376,537","368,357","365,519","356,064",,,,,
17,"379,026","377,359","378,834","473,803","430,303","405,652","390,653","378,918","367,236","376,426","380,579","371,345","382,588","391,965","404,051","413,884","424,708","442,607","451,856","458,174","468,233","472,349","461,352","453,585","442,225","438,571","422,184","426,330","402,494","379,222","355,981","343,827","330,475","316,444","322,489","348,673","363,145","361,624","354,535","352,414","356,551","369,777","371,100","378,266","388,741","382,358","384,609","398,166","398,756","385,853","387,003","375,073","373,850","378,976","371,239","368,440",,,,,
18,"369,344","379,516","376,151","377,687","474,804","437,047","408,116","393,233","382,937","370,593","378,238","381,048","372,196","383,159","393,060","405,542","415,012","426,277","443,935","453,738","459,506","469,821","474,391","461,766","454,857","443,477","439,553","422,170","426,536","402,577","380,345","355,955","343,876","330,595","315,918","321,084","346,538","359,950","358,817","348,100","350,912","357,864","373,496","375,355","384,836","391,615","387,987","391,053","406,974","404,058","393,550","389,996","377,565","377,544","383,393","375,458",,,,,
19,"338,950","369,272","379,840","375,058","377,270","476,449","439,560","412,187","397,510","385,514","375,364","378,729","382,437","372,992","384,484","394,742","406,966","417,101","428,128","446,073","455,948","464,511","475,635","474,624","463,627","456,551","445,008","440,175","423,122","427,092","404,702","383,467","360,334","349,356","337,560","322,890","327,446","351,381","364,809","360,479","352,705","355,502","364,808","382,325","387,379","390,467","402,175","400,077","402,141","415,255","415,610","399,774","395,608","384,616","385,641","391,104",,,,,
20,"322,927","339,450","368,052","379,480","375,118","380,908","476,338","439,787","411,951","396,897","385,769","375,772","379,651","382,439","373,982","385,764","396,134","408,918","418,430","430,260","447,937","457,884","468,053","476,050","476,548","465,934","458,249","445,909","441,348","424,102","429,090","406,677","383,755","360,171","348,904","337,058","323,954","330,342","351,207","367,254","369,242","359,519","361,802","370,804","391,224","396,432","398,243","410,091","403,011","408,654","423,891","420,663","404,805","402,988","393,000","393,674",,,,,
21,"334,962","323,301","339,753","368,061","380,733","378,299","380,314","479,752","439,547","412,600","396,735","386,200","376,383","379,779","382,661","374,954","386,607","397,803","409,970","420,448","431,852","447,568","459,012","468,526","477,119","477,887","466,917","458,166","446,859","441,904","425,206","430,247","408,734","386,045","362,953","351,006","339,619","327,977","333,160","353,921","371,277","376,753","367,154","371,163","383,052","402,732","404,503","407,077","414,765","411,403","418,453","429,036","424,883","409,918","409,522","398,448",,,,,
22,"339,889","337,108","322,631","339,785","368,652","381,777","377,261","381,128","481,759","439,130","413,971","397,137","386,195","376,640","380,623","383,458","375,433","387,038","398,383","411,425","421,358","429,982","447,071","459,501","469,517","478,172","478,468","466,819","458,880","447,307","443,403","426,705","431,416","411,441","389,154","365,758","353,664","343,298","333,080","337,549","359,230","380,070","384,517","377,901","387,363","396,772","412,746","415,513","413,622","424,691","423,010","424,725","434,604","431,518","418,170","415,997",,,,,
23,"338,891","340,627","338,084","321,576","340,393","370,169","381,387","378,033","380,746","482,663","443,224","413,403","398,080","386,183","376,822","381,269","384,264","375,877","386,823","399,465","411,669","418,698","428,232","447,379","460,008","470,196","478,028","477,592","467,251","459,015","448,646","444,505","428,099","433,370","414,749","391,899","368,381","356,112","348,204","338,841","344,491","367,187","387,314","393,983","392,452","401,684","407,017","422,241","420,480","421,609","434,139","428,938","430,208","440,820","439,399","424,931",,,,,
24,"331,408","339,419","341,243","338,095","321,517","341,239","369,080","382,007","377,627","381,106","481,265","442,421","412,663","398,110","385,483","377,091","381,720","384,957","375,537","386,974","399,641","408,354","416,994","428,489","447,866","460,802","469,844","477,037","477,580","467,361","460,272","449,304","445,085","429,848","435,033","416,930","394,059","370,857","360,927","352,670","345,593","351,258","374,286","397,039","407,742","406,713","413,433","416,673","427,027","427,360","429,936","437,730","432,384","434,310","446,869","444,270",,,,,
25,"327,684","332,901","337,726","338,932","336,489","321,611","338,940","367,036","380,557","374,893","381,246","479,864","441,517","410,592","395,682","384,441","376,802","381,783","384,013","375,183","387,563","396,389","406,694","417,583","428,879","448,525","460,530","468,854","477,063","477,729","468,960","460,985","450,053","446,595","431,804","436,614","419,340","396,893","376,146","367,986","357,524","349,879","356,463","382,066","408,562","414,187","415,765","418,624","419,500","431,184","430,890","432,413","440,297","435,672","439,199","450,772",,,,,
26,"321,625","328,412","332,279","336,381","338,725","335,725","319,797","336,481","363,383","379,321","374,688","379,593","479,034","438,915","408,027","394,744","384,106","376,232","380,770","383,758","375,719","384,291","394,562","407,354","418,486","429,601","448,385","459,315","468,842","477,033","478,825","469,079","461,823","451,954","448,310","433,515","438,431","422,460","401,765","382,736","372,191","361,717","355,046","362,729","392,815","415,227","422,475","420,976","423,259","423,853","434,445","433,097","434,845","443,412","440,630","443,360",,,,,
27,"314,854","322,279","327,935","331,344","335,910","338,537","334,346","316,053","332,852","362,142","376,319","373,129","378,230","476,457","436,258","407,317","394,263","383,367","375,085","380,310","381,338","372,323","382,176","394,902","408,208","419,583","429,467","447,422","459,466","468,652","477,660","478,006","469,318","463,889","453,782","449,758","435,513","440,597","427,116","407,703","386,802","375,782","366,423","361,056","371,455","398,984","423,379","426,983","425,419","429,033","427,294","436,159","435,303","437,881","448,203","444,416",,,,,
28,"320,638","316,017","321,824","326,945","331,279","336,184","336,807","331,958","312,567","329,283","360,926","375,267","372,118","375,498","473,867","435,508","407,051","393,568","382,440","374,268","379,534","378,067","370,059","382,043","395,551","409,406","419,586","428,349","447,240","458,795","469,120","476,393","477,139","470,392","464,997","455,336","451,084","437,489","443,757","433,061","411,401","389,965","380,148","372,063","369,332","376,335","406,555","428,085","431,072","431,238","433,973","428,939","437,827","437,818","442,025","451,898",,,,,
29,"329,289","320,730","315,596","320,564","326,817","331,147","334,607","333,844","329,517","309,144","330,575","359,844","374,321","369,581","373,750","473,345","434,981","406,492","392,594","381,798","372,798","376,033","375,773","369,931","382,202","396,337","409,512","418,826","428,008","446,389","458,941","468,276","475,373","477,733","470,939","466,349","456,932","452,686","440,390","447,755","436,287","414,000","393,764","385,293","379,660","373,756","382,045","411,012","432,199","436,054","436,106","435,282","430,737","440,427","441,974","445,359",,,,,
30,"339,010","330,648","319,114","312,924","318,931","325,911","328,850","330,263","330,638","327,101","309,586","329,343","358,727","372,220","367,351","373,564","472,750","434,096","405,402","391,687","379,141","370,041","374,464","375,775","370,465","383,348","397,211","409,877","419,322","428,074","447,437","457,446","467,244","475,552","477,510","471,625","467,840","458,331","455,427","444,453","450,321","438,452","416,466","395,385","391,313","385,165","375,748","386,877","413,623","436,087","439,051","437,079","436,631","432,652","443,595","444,522",,,,,
31,"336,654","340,262","329,281","316,481","312,457","319,696","324,892","326,631","328,395","329,033","328,340","308,532","328,792","357,299","370,535","367,150","373,349","471,920","433,126","405,147","391,013","377,035","368,967","374,604","376,471","371,543","383,647","397,210","410,305","420,043","428,919","446,813","456,763","467,856","475,201","477,627","472,447","468,855","460,367","458,180","446,395","452,606","440,107","417,841","400,326","395,926","387,000","380,013","388,352","417,291","439,370","439,897","438,111","437,706","434,663","445,011",,,,,
32,"336,606","338,912","339,456","327,274","315,755","312,844","318,612","323,007","324,918","326,815","329,063","327,698","308,047","327,251","355,679","370,392","366,877","372,341","471,121","432,940","404,299","389,429","376,253","369,218","375,564","377,741","372,081","383,767","397,952","411,638","421,525","428,634","446,177","457,363","467,653","475,385","478,050","472,924","470,525","463,037","460,038","448,305","455,014","440,886","422,322","404,412","397,614","391,233","381,643","390,768","420,458","440,236","440,844","439,177","439,796","436,330",,,,,
33,"335,754","338,585","338,961","337,681","326,862","316,908","311,785","316,641","321,835","323,905","326,540","328,477","327,170","305,967","326,433","355,135","370,340","366,179","371,974","470,805","432,633","403,185","388,959","376,586","370,234","376,835","378,251","372,341","384,162","399,299","413,297","421,315","428,378","446,740","456,966","467,757","475,491","478,174","473,973","472,736","464,613","461,683","449,870","456,095","444,151","425,471","405,603","401,115","392,864","383,934","392,630","420,837","440,949","441,830","441,050","441,075",,,,,
34,"343,731","337,444","338,290","337,839","337,810","326,791","315,890","310,351","315,387","320,637","323,709","325,855","328,050","325,124","304,461","325,893","354,730","369,642","365,955","371,622","470,712","431,999","403,327","389,514","377,901","371,682","377,596","378,801","372,762","385,529","401,096","413,325","420,921","428,993","446,250","456,830","467,812","475,295","478,592","475,680","474,120","466,084","463,045","450,470","459,627","446,694","426,441","408,755","402,638","395,310","386,014","392,638","421,492","441,771","443,329","441,961",,,,,
35,"353,534","345,349","337,166","337,582","338,323","336,782","325,462","313,882","308,340","313,015","319,679","323,077","325,316","326,728","322,896","303,909","325,738","354,091","369,192","365,644","371,176","470,500","432,490","404,002","390,829","378,527","372,199","377,896","379,377","374,120","386,580","400,665","412,936","421,051","428,011","445,538","456,272","467,367","475,486","479,312","476,154","475,090","465,793","464,508","451,861","461,586","448,115","428,223","411,120","403,666","395,571","385,975","393,045","422,429","443,039","444,148",,,,,
36,"355,817","353,857","345,522","336,151","337,833","336,597","335,429","324,506","312,806","307,660","315,235","319,245","322,340","324,149","325,515","322,302","303,400","325,138","353,787","368,852","365,240","370,643","470,502","432,678","404,884","391,576","379,440","372,589","378,305","380,303","375,151","386,910","400,743","413,850","420,710","427,973","445,657","456,247","468,165","476,509","479,485","477,227","474,411","467,068","465,644","453,086","463,389","449,189","430,122","411,814","403,845","395,704","386,510","394,056","424,046","444,196",,,,,
37,"363,022","356,384","353,143","344,930","335,781","336,089","335,280","334,826","323,943","311,929","307,197","314,406","318,718","320,987","323,172","324,908","321,608","302,759","324,801","353,211","368,278","364,722","370,042","470,550","433,147","405,159","391,724","379,382","372,530","378,882","380,883","375,760","387,003","401,359","413,429","420,317","427,677","445,162","456,245","468,446","476,076","480,667","476,889","475,202","468,103","466,697","454,242","464,985","450,584","430,626","411,842","403,708","395,933","387,381","395,566","425,202",,,,,
38,"368,919","362,975","355,604","351,964","344,877","334,344","334,963","335,593","334,434","322,978","311,161","306,425","313,799","317,423","320,191","322,546","324,045","320,934","302,630","324,300","352,927","367,203","363,902","369,417","470,501","432,832","404,624","391,276","378,630","372,631","378,976","380,855","376,121","387,726","400,997","413,499","420,078","427,571","445,314","456,710","468,290","477,229","480,547","477,822","475,605","469,098","467,825","455,327","466,928","450,501","430,362","411,951","404,075","396,783","388,680","396,362",,,,,
39,"391,736","369,175","361,617","354,380","351,234","342,439","333,524","334,643","335,583","333,742","321,572","310,104","305,779","312,492","316,345","319,531","321,919","323,401","320,601","302,408","324,131","351,742","366,477","363,512","369,257","470,254","432,461","404,305","390,529","379,108","372,810","378,996","381,052","377,077","387,629","401,199","413,691","420,085","427,922","446,024","456,720","468,981","477,059","481,568","478,212","476,046","469,967","468,528","456,501","467,502","449,741","430,330","412,159","404,722","398,028","389,484",,,,,
40,"417,425","391,234","367,503","359,464","353,069","350,311","342,176","333,152","334,662","335,288","330,442","321,060","309,513","304,897","311,033","315,791","318,888","321,704","323,160","320,293","301,933","322,998","350,790","366,092","363,531","369,166","469,682","431,580","403,426","390,565","378,911","372,850","378,466","381,395","377,065","387,668","401,027","413,468","419,872","428,401","445,137","457,387","469,003","477,572","482,057","477,790","477,034","468,838","469,214","457,006","468,191","449,826","430,588","412,857","406,065","399,287",,,,,
41,"405,831","415,986","389,984","366,525","358,917","353,630","350,119","342,405","332,095","333,785","334,731","329,656","320,576","308,503","303,408","310,691","315,104","318,580","321,596","323,086","319,967","300,822","322,026","350,212","366,027","363,340","368,615","469,298","431,236","403,651","390,835","378,808","372,881","378,501","381,109","377,202","387,636","400,866","413,747","420,421","427,816","445,342","457,434","469,086","478,094","481,700","478,897","475,382","469,367","469,574","456,966","468,105","449,873","430,848","413,492","406,885",,,,,
42,"317,085","414,058","413,433","388,916","366,022","359,715","353,277","349,572","341,147","331,103","332,013","334,003","328,953","319,468","307,711","302,964","310,107","314,755","318,182","321,411","322,830","318,767","299,923","321,431","349,934","365,759","362,947","368,034","469,393","431,358","403,787","390,559","378,491","373,053","378,026","380,942","377,190","387,549","401,067","414,387","420,004","428,040","445,002","457,630","469,142","477,747","482,873","477,503","475,338","469,605","469,434","457,121","468,257","450,316","431,616","414,861",,,,,
43,"297,611","310,095","420,765","411,525","388,565","366,042","359,082","352,351","348,053","340,261","331,418","330,872","333,509","327,891","318,123","307,131","302,274","309,583","314,428","317,709","321,111","321,749","317,862","299,220","321,156","349,504","365,342","362,648","367,689","469,000","431,339","403,461","390,173","378,290","372,868","377,658","380,780","377,261","387,747","401,531","413,943","420,247","427,863","444,738","457,844","468,492","478,760","481,706","477,527","474,995","469,357","469,260","456,953","468,327","450,901","432,517",,,,,
44,"329,556","294,392","304,230","424,527","410,190","388,097","365,250","357,865","350,542","346,622","337,914","330,257","329,985","332,486","326,926","317,441","306,320","301,948","309,424","314,102","317,106","320,098","321,026","317,051","298,866","320,646","348,979","364,896","362,676","367,269","468,801","431,389","402,880","390,103","377,776","372,820","377,441","380,681","377,886","388,438","401,097","413,912","420,134","427,650","444,556","457,338","468,977","477,748","481,862","477,312","474,193","469,322","469,191","456,926","468,750","451,631",,,,,
45,"347,444","327,012","292,080","301,082","428,251","409,650","386,937","363,125","354,762","348,293","345,904","336,893","329,200","328,781","331,148","326,101","316,753","305,746","301,574","309,040","313,653","315,991","319,319","320,472","316,425","298,165","319,944","348,104","364,427","362,073","366,795","466,280","430,683","402,264","389,232","377,155","372,481","376,671","380,599","378,432","387,634","400,011","413,299","419,239","427,228","443,727","457,306","468,845","477,504","481,194","476,570","474,145","469,370","469,288","457,361","469,455",,,,,
46,"379,401","345,502","324,807","290,874","299,036","417,606","407,812","385,192","361,336","353,697","347,221","344,798","335,878","327,919","327,276","329,894","325,213","316,288","305,011","301,267","308,534","312,641","315,071","318,676","320,051","315,724","297,509","319,318","347,798","364,111","361,936","366,888","464,582","430,413","401,454","388,744","376,668","372,178","376,543","380,760","377,685","386,776","399,485","412,191","418,903","426,532","443,320","457,296","468,253","476,875","480,677","476,341","474,091","469,488","469,734","458,020",,,,,
47,"385,431","378,502","343,739","323,513","289,166","299,398","418,463","404,755","383,304","360,327","354,791","346,015","343,630","334,415","326,398","326,149","328,917","324,515","315,544","304,495","300,650","307,544","311,835","314,342","318,263","319,487","314,904","296,766","318,901","347,257","363,957","361,797","367,078","462,403","429,480","400,718","387,892","375,909","372,013","376,554","379,929","376,545","386,335","398,574","411,498","418,220","426,132","442,843","456,950","467,296","476,378","480,379","476,313","474,146","469,923","470,035",,,,,
48,"378,976","383,115","377,474","342,375","321,559","288,430","297,850","420,018","401,969","382,303","358,283","353,293","344,729","342,055","332,875","325,110","325,099","328,196","323,458","315,188","303,855","299,642","306,562","310,951","313,608","317,454","318,634","313,968","296,003","318,229","346,743","362,797","361,635","367,287","460,339","428,901","399,928","387,202","375,407","372,125","375,598","378,709","375,753","385,423","398,016","410,552","417,781","425,828","442,076","456,219","466,410","476,069","480,288","476,492","474,510","470,060",,,,,
49,"373,604","377,238","379,922","376,637","340,425","320,910","286,915","302,991","421,788","400,615","379,170","356,750","351,395","342,930","340,264","331,364","323,888","324,221","327,130","322,683","314,067","302,696","298,712","305,620","310,160","312,584","316,557","317,811","313,171","295,227","317,667","346,190","361,766","361,563","366,996","458,644","428,205","399,090","386,669","375,099","371,345","374,667","377,950","374,573","384,849","397,112","409,863","417,459","425,096","440,998","455,551","465,927","475,837","480,500","476,841","474,622",,,,,
50,"376,159","370,434","375,500","377,243","373,857","338,640","318,988","284,601","290,319","424,606","398,881","377,075","354,945","349,538","340,654","338,428","329,912","322,730","323,191","326,176","321,190","312,704","301,516","297,696","304,626","309,037","311,270","315,362","316,784","312,099","294,363","316,796","345,402","360,599","360,933","366,864","456,685","427,365","398,235","386,342","374,125","370,394","373,302","376,422","373,244","383,841","395,882","409,125","416,516","424,058","440,842","454,930","465,461","475,816","480,584","476,699",,,,,
51,"373,909","374,152","367,677","373,564","374,394","372,096","336,616","316,698","283,065","287,119","418,097","396,799","375,179","352,865","347,266","338,883","336,767","328,227","321,486","321,942","324,856","319,934","311,289","300,380","296,821","303,491","307,791","310,130","314,425","315,909","311,059","294,360","316,028","344,854","359,343","360,433","366,451","454,843","426,429","397,825","385,345","373,365","368,560","371,985","375,185","372,112","382,663","395,167","408,037","415,516","423,843","440,096","454,378","465,278","475,891","480,428",,,,,
52,"375,314","372,578","372,917","365,197","371,048","374,492","369,847","334,469","315,009","281,060","289,555","415,614","394,570","372,966","350,656","345,184","337,096","334,782","326,611","319,848","320,446","323,333","318,575","309,928","299,230","295,738","302,054","306,592","309,015","313,352","314,982","310,429","294,183","315,034","343,784","358,028","359,781","366,091","452,710","425,918","396,480","384,382","371,600","366,662","370,915","373,943","370,610","382,073","394,077","406,685","415,362","423,069","439,386","454,044","464,911","475,422",,,,,
53,"372,036","373,936","371,091","371,214","362,128","369,554","371,622","368,103","332,627","312,588","280,272","287,687","413,364","392,120","370,405","348,415","343,280","334,845","332,937","324,741","318,101","318,799","321,807","317,328","308,549","297,834","294,274","300,646","305,372","307,748","312,337","314,022","309,453","293,646","313,963","342,834","356,718","358,948","365,490","451,241","424,596","395,348","382,552","369,803","365,124","369,852","372,400","369,645","381,097","392,791","406,193","414,496","422,128","438,924","453,646","464,570",,,,,
54,"363,429","370,349","372,709","369,355","368,420","361,638","367,139","368,453","366,887","330,233","310,030","278,009","285,804","410,582","389,357","367,980","346,357","340,937","332,767","330,960","322,872","316,083","317,024","320,167","316,003","306,906","296,300","292,931","299,225","303,988","306,360","311,541","313,038","308,748","293,575","312,708","341,739","354,867","358,469","365,913","447,625","422,887","393,373","380,637","368,265","363,594","368,509","371,483","368,369","379,806","392,445","405,347","413,566","421,518","438,360","453,110",,,,,
55,"357,742","361,310","368,293","370,215","366,989","365,695","358,242","364,055","364,909","362,638","330,864","308,543","275,735","283,582","407,596","386,968","365,719","343,802","338,452","330,773","328,740","320,911","314,283","315,264","318,553","314,640","305,134","294,778","291,649","297,659","302,545","305,444","310,397","311,936","307,551","292,980","311,505","340,584","353,466","357,737","365,035","447,175","419,800","391,486","378,711","366,927","362,405","366,607","370,645","367,396","378,976","391,517","404,505","412,982","420,874","437,643",,,,,
56,"355,124","355,805","359,650","365,921","368,041","364,182","363,328","354,666","361,673","360,921","357,145","328,486","306,008","273,418","281,635","405,054","384,345","362,894","341,351","336,129","328,066","326,490","318,668","312,470","313,367","316,743","312,937","303,263","293,037","289,893","295,963","301,425","304,497","309,202","310,596","306,622","292,621","310,094","339,442","351,658","356,736","363,024","445,227","417,051","389,331","377,160","365,814","359,955","365,945","369,575","366,310","377,901","390,486","403,730","412,272","420,237",,,,,
57,"351,829","352,826","354,053","357,166","363,314","364,887","361,579","360,536","351,529","357,535","359,999","354,694","325,863","303,296","271,089","279,371","402,092","381,388","360,251","338,784","332,926","325,768","324,216","316,592","310,444","311,439","314,676","310,908","301,350","291,044","288,134","294,369","299,870","302,990","307,569","309,193","305,218","291,406","308,737","338,098","349,997","354,814","359,918","443,755","414,283","387,678","375,745","363,464","358,689","364,964","368,363","365,141","376,725","389,644","403,022","411,466",,,,,
58,"343,934","348,303","351,078","351,708","354,381","359,788","361,735","358,617","357,563","347,061","355,486","357,592","351,765","323,143","300,611","268,758","277,300","398,486","378,403","357,599","336,305","330,117","323,341","322,006","314,370","308,274","309,154","312,492","308,994","299,016","289,062","286,558","292,567","298,238","301,298","305,971","307,430","303,720","290,349","307,241","336,447","348,908","351,865","357,232","442,247","411,939","386,096","373,354","362,162","357,142","363,886","367,178","364,023","375,842","388,841","402,231",,,,,
59,"332,492","340,445","344,978","348,597","349,154","350,757","356,819","358,652","355,329","353,566","345,781","352,262","354,454","348,443","320,044","297,730","266,487","274,598","395,093","375,258","354,605","333,434","327,614","320,842","319,617","311,964","305,639","306,690","310,280","306,801","296,688","287,311","284,699","290,797","296,493","299,602","304,239","305,728","302,133","289,028","305,414","334,679","346,564","349,153","354,375","441,044","409,779","383,406","371,823","360,709","355,428","362,635","366,038","363,106","375,037","387,935",,,,,
60,"323,602","328,781","337,538","342,029","346,090","344,814","347,148","353,257","355,310","351,615","348,010","342,306","348,988","350,904","344,904","316,933","294,930","263,721","272,146","391,556","371,287","351,005","330,559","324,614","318,126","316,897","309,269","303,049","304,196","307,696","304,425","294,760","285,582","283,040","289,077","294,692","297,941","302,346","303,959","300,895","287,717","303,747","332,806","344,783","346,084","351,310","439,131","407,327","381,352","369,744","358,822","353,922","361,276","364,916","362,126","374,008",,,,,
61,"317,338","321,949","325,123","334,177","338,270","340,843","341,065","343,512","349,266","351,506","348,993","343,821","339,051","345,201","347,359","341,430","313,659","291,675","261,014","269,148","388,185","367,191","347,361","327,595","321,651","315,218","313,870","306,327","300,413","301,334","304,990","301,964","292,650","283,934","281,294","287,296","292,657","296,324","300,591","302,433","298,822","285,504","302,140","330,523","342,210","343,075","348,035","437,643","404,557","379,108","367,560","357,263","352,401","360,027","363,721","360,968",,,,,
62,"307,940","314,499","321,517","321,214","329,839","333,705","336,765","337,251","339,283","344,627","347,210","344,461","339,630","335,106","341,463","343,478","337,418","310,074","288,268","258,190","265,715","383,304","362,829","343,669","324,259","318,319","311,934","310,616","303,242","297,365","298,348","301,968","299,097","290,148","281,734","279,098","285,011","290,413","294,257","298,719","299,836","296,536","283,212","300,061","327,531","339,904","339,863","345,373","435,951","401,600","376,850","365,915","355,692","351,197","358,762","362,507",,,,,
63,"298,529","303,112","311,806","319,377","316,746","324,726","328,801","332,592","332,835","334,529","340,976","342,598","339,870","334,945","330,936","337,180","339,084","333,283","306,289","284,256","254,118","262,123","378,319","358,431","339,584","320,608","314,387","308,435","307,214","299,889","294,156","295,406","298,818","296,185","287,502","279,539","276,823","282,818","288,179","292,435","296,174","297,471","294,152","280,516","297,162","324,585","337,348","337,232","342,431","434,049","398,568","374,957","364,021","354,244","349,821","357,300",,,,,
64,"291,481","292,670","298,619","308,339","315,968","311,449","319,706","323,335","327,598","327,743","330,021","335,818","337,339","334,871","329,955","326,128","332,396","334,594","328,414","302,275","279,685","250,596","258,305","373,173","353,642","335,324","316,405","310,482","304,793","303,329","296,354","290,649","292,201","295,344","293,235","284,888","277,236","274,648","280,608","286,054","289,981","293,604","295,052","291,333","277,047","294,434","321,415","335,239","334,336","339,280","432,033","396,151","372,818","362,436","352,668","348,157",,,,,
65,"279,714","285,321","286,908","292,921","304,355","306,701","306,603","314,822","318,879","322,904","322,538","324,507","330,101","331,738","329,365","324,242","321,085","327,405","329,174","323,671","297,432","275,261","246,716","254,663","367,752","348,521","329,953","312,095","306,397","300,555","299,189","292,600","286,749","288,700","291,767","289,794","281,669","274,484","271,933","278,366","283,306","287,079","290,901","292,026","288,338","272,705","291,389","318,991","333,027","331,257","336,197","429,082","393,561","370,561","360,410","350,494",,,,,
66,"271,683","274,134","279,858","280,318","288,568","296,451","301,950","301,142","309,745","312,430","318,706","316,937","318,401","324,070","325,640","323,129","318,678","316,026","321,902","323,972","317,383","292,660","270,894","243,094","250,594","361,772","344,322","324,951","307,764","301,767","296,361","294,947","288,452","282,641","284,817","287,936","286,105","278,457","271,675","269,392","275,401","280,183","283,973","287,792","288,850","284,354","269,342","288,937","316,098","330,542","328,008","333,527","425,759","390,849","367,768","357,795",,,,,
67,"261,918","265,731","268,464","273,470","274,933","282,339","291,058","297,973","295,410","302,813","306,463","312,562","310,892","312,154","317,711","319,161","316,999","312,594","310,321","316,310","317,474","311,539","287,366","266,335","238,969","246,191","357,227","338,404","319,638","302,818","297,087","291,629","290,354","284,042","278,417","280,699","283,804","282,251","274,917","268,637","266,132","272,148","276,936","280,556","284,477","284,384","280,462","266,447","286,216","312,909","328,059","325,175","330,750","422,567","387,904","364,939",,,,,
68,"254,902","254,344","259,809","262,094","267,649","269,099","276,049","285,891","292,896","287,937","296,521","299,545","305,821","304,150","305,148","310,698","312,641","310,298","306,081","304,678","309,736","310,867","305,362","282,312","261,490","234,599","241,093","350,415","332,435","313,648","297,699","292,015","286,812","285,717","279,618","273,708","276,503","279,586","278,239","271,651","265,695","262,670","268,842","273,053","276,788","279,977","280,576","277,305","263,086","283,333","309,628","324,940","322,121","327,926","418,856","384,525",,,,,
69,"243,514","247,151","246,188","252,793","256,210","260,874","262,110","269,191","279,821","285,728","282,669","289,230","292,228","298,479","297,025","297,798","303,683","305,561","303,570","299,548","298,409","302,370","304,223","299,123","276,677","256,360","229,057","236,057","343,464","325,612","307,610","291,997","286,522","281,760","280,533","274,613","268,736","271,922","275,007","274,232","267,718","261,567","258,870","264,969","269,088","272,139","275,892","277,115","273,796","259,507","280,193","306,294","321,488","319,002","324,703","414,713",,,,,
70,"232,208","234,527","238,338","238,881","246,771","248,609","253,846","254,664","261,657","272,001","278,978","275,274","281,335","284,432","290,676","289,203","290,436","296,074","297,896","296,370","292,303","291,009","295,119","297,132","292,210","270,664","249,765","224,141","230,871","335,679","318,548","301,234","285,971","280,678","276,064","274,882","269,151","263,565","267,001","270,186","269,635","263,357","257,282","254,711","260,995","264,425","267,844","272,067","273,396","269,763","255,756","276,845","302,609","317,842","315,276","321,010",,,,,
71,"220,453","224,408","225,680","231,132","231,321","238,700","240,985","245,898","245,885","254,454","267,810","270,452","267,196","273,064","276,274","282,381","281,353","282,558","287,923","290,497","288,771","284,217","283,590","287,613","289,604","284,936","263,545","243,822","218,876","225,413","327,844","311,483","294,528","279,288","274,306","269,790","268,825","263,499","258,084","261,725","264,955","264,589","258,687","252,567","250,333","256,222","259,904","263,653","267,912","269,350","265,689","252,330","273,294","298,893","313,740","311,262",,,,,
72,"213,109","212,640","216,849","217,435","223,045","224,344","230,561","232,751","236,940","237,508","242,628","258,455","261,197","258,444","264,320","267,466","273,583","273,039","273,892","279,640","282,586","279,861","275,877","275,772","279,551","281,637","277,101","256,996","237,656","213,253","219,553","318,626","303,889","287,269","272,456","267,698","263,324","262,539","257,395","252,237","256,243","259,380","259,108","253,423","247,517","245,350","251,486","255,576","259,087","263,510","265,109","261,671","248,579","269,375","294,594","309,430",,,,,
73,"203,489","204,842","204,071","209,101","208,819","214,742","215,375","221,989","223,626","228,046","229,387","233,266","248,663","251,493","249,101","254,904","258,335","264,579","263,776","264,898","271,451","272,859","270,793","267,403","267,244","270,752","273,247","268,980","250,105","230,915","207,322","214,238","308,931","295,715","279,610","264,983","260,459","256,479","255,578","251,081","246,193","250,073","253,461","253,148","248,038","241,723","240,251","246,873","250,689","254,262","258,902","260,631","257,212","244,666","265,034","289,868",,,,,
74,"191,328","193,642","196,488","195,488","200,294","200,645","205,278","205,139","212,203","214,135","219,431","219,702","223,156","238,286","241,342","238,998","245,068","248,706","254,491","254,387","255,157","261,395","263,229","261,455","258,216","258,172","261,304","264,430","260,642","242,464","223,981","200,623","208,687","298,461","287,069","271,237","257,102","252,996","249,020","248,391","244,455","239,618","243,605","247,125","246,869","241,884","235,911","235,142","241,796","245,570","249,269","254,319","255,845","252,639","240,147","260,201",,,,,
75,"179,869","180,506","183,442","187,440","185,615","188,842","190,885","194,600","195,491","202,988","205,982","209,110","209,333","213,023","227,543","230,257","229,050","234,944","238,233","244,379","243,840","244,894","251,134","253,089","251,475","248,267","248,419","251,782","255,308","251,564","234,492","216,074","193,566","202,678","287,851","277,816","262,506","249,046","244,980","241,195","241,104","237,026","232,715","236,461","240,314","240,046","235,686","230,111","229,623","236,510","240,152","244,028","248,997","250,774","247,443","235,265",,,,,
76,"166,068","173,915","169,479","173,882","178,123","175,225","178,355","179,522","184,444","183,975","191,694","195,226","198,296","198,620","202,060","216,226","219,215","218,401","224,068","227,461","233,136","232,862","234,338","240,653","242,237","240,623","237,698","238,574","241,866","245,315","242,200","225,436","207,701","186,205","196,346","276,519","268,138","253,365","240,205","236,387","233,476","232,874","229,048","225,314","228,972","233,014","232,929","229,357","223,786","223,803","230,838","234,702","238,320","243,557","244,995","241,909",,,,,
77,"151,212","155,254","168,169","159,387","163,886","166,603","166,166","169,677","168,984","173,130","175,582","180,598","184,317","187,192","187,347","190,840","204,657","207,612","206,938","212,941","216,136","221,379","221,830","223,478","229,552","230,883","229,619","227,234","228,353","231,144","235,007","231,911","215,290","198,937","178,526","189,321","264,634","258,098","243,760","230,837","227,778","224,875","224,284","220,687","217,614","220,996","225,578","225,824","222,600","217,331","217,548","224,860","228,487","232,445","237,101","238,785",,,,,
78,"138,926","140,333","144,217","160,924","148,976","152,624","157,453","155,372","159,925","157,384","164,973","164,464","169,362","173,010","175,607","175,691","179,329","192,850","195,530","195,596","201,094","204,098","209,656","210,373","212,307","217,889","219,160","218,528","216,695","217,234","220,303","224,011","221,185","205,579","190,109","170,221","182,019","252,523","247,295","233,775","221,789","218,404","215,723","215,100","212,061","209,232","213,018","217,748","218,204","215,637","210,464","211,092","218,098","222,256","225,678","230,502",,,,,
79,"126,058","127,553","129,039","133,910","152,895","138,454","142,836","146,635","144,835","148,478","150,051","153,323","152,843","157,744","161,327","163,718","164,199","168,024","180,238","183,413","183,583","188,706","192,233","197,673","198,572","200,327","205,726","207,301","207,112","204,919","205,940","209,056","212,856","209,808","195,147","180,539","161,574","174,690","239,387","235,798","223,737","212,035","208,388","205,981","205,552","202,954","200,776","204,793","209,514","210,303","208,013","203,437","203,851","211,352","214,988","218,672",,,,,
80,"115,471","114,720","115,878","118,528","123,253","136,663","127,757","131,116","135,455","132,916","135,958","138,579","141,561","141,219","145,825","149,021","151,432","152,148","155,827","167,289","171,060","172,911","177,671","181,006","185,563","185,745","187,976","193,452","195,040","194,434","192,895","194,298","197,423","200,712","198,282","184,006","170,355","152,885","167,051","225,722","224,557","212,400","201,292","198,137","195,939","195,969","193,497","192,044","195,826","200,901","201,865","200,133","195,590","196,702","203,186","207,307",,,,,
81,"101,757","104,036","103,482","105,847","108,424","112,161","127,870","116,303","120,247","124,538","122,728","124,627","126,704","129,776","129,127","133,424","137,161","139,373","139,582","144,074","156,081","158,170","160,026","165,116","167,983","172,393","173,073","175,697","180,959","181,742","181,964","180,716","182,172","184,874","188,381","185,783","172,508","160,294","143,712","158,757","212,119","212,706","200,563","190,187","187,292","185,686","185,871","183,701","182,674","186,673","192,095","193,053","191,376","187,782","188,243","194,940",,,,,
82,"87,787","90,533","92,202","93,448","95,652","97,353","101,663","119,425","105,122","108,890","112,501","111,307","113,119","115,201","117,867","117,066","121,449","125,199","126,804","127,543","131,969","142,999","145,185","147,348","152,181","154,498","159,171","160,218","163,138","167,534","168,634","169,326","168,222","169,370","172,357","175,518","173,066","160,955","149,418","134,066","150,866","198,839","199,277","188,112","178,883","176,435","175,039","175,246","173,487","173,393","177,177","182,599","183,284","182,573","178,566","179,575",,,,,
83,"76,645","77,217","79,436","82,000","83,472","84,637","87,409","90,567","110,427","93,820","99,669","101,160","99,439","101,692","103,312","105,643","105,113","109,701","113,023","114,699","115,806","120,091","129,966","132,432","134,477","138,845","141,368","145,937","147,530","149,712","154,322","155,616","156,384","155,352","156,766","159,209","161,847","160,457","148,650","138,413","124,475","141,183","184,408","185,352","175,417","167,593","165,392","163,976","164,436","163,123","163,354","167,314","172,336","173,684","172,237","169,146",,,,,
84,"66,168","66,244","66,969","69,796","72,171","72,783","74,859","76,669","79,880","101,263","84,132","88,751","89,548","88,209","90,176","91,358","93,925","93,659","97,412","101,534","102,997","104,314","108,377","117,299","119,595","121,370","125,900","128,386","132,977","134,210","136,505","141,172","142,603","142,715","142,361","143,319","145,782","148,863","147,019","136,253","127,404","114,932","131,094","169,551","171,479","162,410","155,709","153,708","152,580","153,438","152,191","153,035","156,442","162,215","162,382","161,737",,,,,
85,"55,501","56,480","56,809","58,923","61,481","62,694","64,468","64,515","65,930","67,407","72,950","73,799","77,768","78,359","77,111","78,803","80,259","82,511","82,122","85,982","89,948","91,954","93,197","96,997","104,756","106,497","109,041","113,541","116,157","119,604","120,900","123,789","128,115","129,003","129,583","129,034","129,905","133,062","134,869","133,558","123,949","116,605","104,822","120,673","154,589","157,562","149,417","143,587","141,810","141,216","141,960","141,337","141,546","145,956","150,471","151,282",,,,,
86,"45,201","46,565","47,217","48,732","50,344","51,960","54,302","54,424","55,484","56,816","62,182","62,998","63,452","67,375","67,830","66,374","68,439","69,658","71,545","71,550","75,920","79,151","81,055","82,429","85,652","92,311","94,304","96,966","101,432","103,127","106,685","107,910","110,847","114,372","115,816","115,903","115,596","117,050","119,628","121,271","120,725","111,907","105,031","94,384","110,266","139,974","143,482","136,282","131,223","130,074","129,572","130,434","129,719","130,839","133,863","138,636",,,,,
87,"35,815","37,290","38,256","39,909","41,010","41,858","44,312","45,104","46,052","47,148","50,827","53,204","53,257","54,039","57,635","57,778","56,624","58,773","59,498","61,591","62,300","65,891","68,784","70,834","71,913","74,472","80,753","82,194","85,662","88,884","90,963","94,268","95,561","97,805","101,479","102,484","102,444","103,081","103,670","106,348","108,260","107,556","99,673","93,576","84,485","100,119","125,303","129,386","122,949","119,005","118,264","117,684","118,341","118,553","118,573","121,999",,,,,
88,"27,990","29,129","30,163","31,859","33,186","33,607","35,192","36,367","37,672","38,568","41,478","42,556","44,768","44,875","45,405","48,693","48,845","47,881","49,863","50,605","51,985","53,466","56,528","59,203","61,055","61,686","64,362","69,418","70,996","74,131","77,323","79,447","82,484","82,822","85,677","88,600","89,500","89,920","89,969","90,985","93,759","95,321","94,512","87,394","82,509","74,722","90,343","110,486","115,203","110,261","106,984","106,335","105,458","106,997","105,902","106,597",,,,,
89,"21,588","22,400","23,181","24,682","26,097","26,788","27,766","28,374","29,919","31,093","33,761","34,209","35,109","36,952","37,062","37,590","40,721","40,695","39,613","41,862","42,684","43,964","45,170","47,960","50,222","51,704","52,458","54,881","59,204","59,688","63,850","66,569","68,652","70,575","71,572","73,413","76,034","77,486","77,353","77,805","78,954","81,180","82,417","81,960","75,580","72,056","65,314","80,459","95,827","101,866","97,634","94,571","93,714","93,957","94,082","93,966",,,,,
90,"16,336","16,950","17,483","18,644","19,868","20,684","21,704","21,914","22,858","24,260","27,176","27,995","28,643","29,354","30,106","30,748","31,693","33,537","34,860","35,323","36,128","36,834","37,811","38,694","40,173","41,689","43,448","44,871","47,204","49,265","51,167","53,552","56,566","57,752","59,772","61,240","62,896","65,424","66,032","66,271","67,139","68,176","69,698","70,281","69,199","66,216","62,235","58,791","66,363","82,437","87,998","86,098","82,732","82,825","81,044","81,868",,,,,
91,"12,017","12,556","13,000","13,868","14,775","15,485","16,527","16,860","17,333","18,176","20,830","21,813","22,232","22,765","23,453","23,901","24,709","25,898","27,101","27,987","28,342","28,667","29,530","30,548","31,554","32,797","34,430","35,496","37,201","38,501","40,365","42,627","45,127","46,482","48,297","49,365","50,633","52,796","54,062","54,934","55,784","55,862","57,038","58,279","59,236","58,281","56,347","52,282","50,620","57,096","70,767","75,210","72,930","71,929","69,903","69,811",,,,,
92,"8,634","9,032","9,418","10,072","10,751","11,293","12,152","12,582","13,099","13,505","15,264","16,352","16,974","17,333","17,874","18,284","18,823","19,762","20,457","21,284","21,973","22,004","22,563","23,489","24,459","25,244","26,627","27,576","28,799","29,780","30,948","33,037","35,259","36,453","38,153","39,086","39,984","41,589","42,671","44,053","45,305","45,488","45,784","46,699","48,072","48,883","48,592","46,292","44,106","42,716","48,130","59,342","62,426","62,276","59,687","59,052",,,,,
93,"6,106","6,300","6,563","7,107","7,630","8,004","8,635","9,025","9,510","9,940","11,044","11,661","12,406","12,894","13,309","13,569","14,035","14,725","15,251","15,640","16,358","16,726","16,918","17,564","18,408","19,088","20,034","20,845","21,898","22,478","23,421","24,787","26,723","27,726","29,297","30,289","31,025","32,099","32,844","33,972","35,590","36,073","36,361","36,609","37,664","38,784","39,892","38,944","38,230","36,437","35,231","39,538","48,223","52,123","50,597","49,440",,,,,
94,"4,240","4,327","4,442","4,822","5,261","5,559","5,977","6,271","6,684","7,081","7,967","8,232","8,596","9,176","9,632","9,885","10,196","10,741","11,107","11,466","11,820","12,187","12,544","12,804","13,466","14,042","14,749","15,377","16,188","16,707","17,328","18,369","19,616","20,580","21,714","22,652","23,479","24,299","24,709","25,546","26,786","27,675","28,142","28,332","28,777","29,681","30,908","31,233","31,459","30,844","29,383","28,366","31,391","39,490","41,386","41,011",,,,,
95,"2,892","2,939","3,000","3,191","3,487","3,756","4,069","4,250","4,538","4,837","5,547","5,822","5,888","6,149","6,728","6,965","7,251","7,630","7,928","8,171","8,448","8,580","8,948","9,357","9,615","10,055","10,645","11,080","11,698","12,092","12,530","13,244","14,185","14,769","15,727","16,325","17,115","17,994","18,296","18,745","19,633","20,397","21,093","21,420","21,726","22,138","23,055","23,658","24,590","24,788","24,266","23,086","22,011","24,940","30,480","32,774",,,,,
96,"1,912","1,948","1,988","2,104","2,243","2,408","2,678","2,813","2,974","3,176","3,668","3,954","4,080","4,159","4,379","4,709","4,948","5,303","5,500","5,684","5,856","6,013","6,165","6,505","6,844","7,008","7,472","7,825","8,232","8,501","8,828","9,305","9,919","10,387","10,989","11,524","12,045","12,825","13,233","13,479","13,967","14,517","15,132","15,625","16,044","16,269","16,698","17,119","18,190","18,847","18,983","18,547","17,387","17,061","18,759","23,415",,,,,
97,"1,220","1,253","1,273","1,343","1,445","1,518","1,670","1,802","1,924","2,049","2,365","2,550","2,719","2,799","2,874","2,998","3,263","3,501","3,707","3,869","4,001","4,047","4,193","4,382","4,664","4,865","5,076","5,328","5,664","5,865","6,081","6,410","6,809","7,013","7,497","7,864","8,285","8,763","9,166","9,486","9,808","10,048","10,450","10,877","11,432","11,744","11,973","12,078","12,796","13,653","14,047","14,082","13,588","13,094","12,453","14,018",,,,,
98,758,782,801,840,905,961,"1,028","1,105","1,211","1,295","1,501","1,605","1,705","1,828","1,883","1,918","2,040","2,267","2,389","2,522","2,641","2,704","2,756","2,912","3,098","3,287","3,461","3,553","3,772","3,954","4,119","4,341","4,559","4,699","4,952","5,245","5,499","5,884","6,046","6,405","6,714","6,884","7,034","7,285","7,689","8,113","8,438","8,380","8,741","9,317","9,919","10,149","10,063","10,003","9,313","9,056",,,,,
99,450,473,490,524,555,583,632,657,722,800,928,992,"1,040","1,111","1,187","1,224","1,268","1,382","1,511","1,586","1,715","1,769","1,825","1,879","1,993","2,136","2,309","2,377","2,437","2,542","2,696","2,867","3,029","3,082","3,245","3,355","3,588","3,785","3,958","4,116","4,446","4,581","4,693","4,793","5,014","5,297","5,673","5,711","5,858","6,166","6,562","6,920","6,988","7,196","6,906","6,611",,,,,
100,255,278,292,319,345,352,373,391,415,473,563,601,633,657,702,756,791,834,905,982,"1,033","1,104","1,171","1,215","1,235","1,316","1,448","1,536","1,575","1,571","1,661","1,819","1,946","2,005","2,079","2,132","2,208","2,377","2,437","2,642","2,752","2,911","3,025","3,112","3,190","3,357","3,576","3,745","3,897","3,992","4,211","4,419","4,606","4,835","4,802","4,735",,,,,
101,132,147,158,177,198,209,224,229,234,254,311,352,375,387,400,438,476,488,521,550,597,633,685,744,785,787,860,923,983,991,"1,006","1,087","1,191","1,228","1,292","1,311","1,337","1,403","1,477","1,545","1,697","1,761","1,849","1,930","2,008","2,059","2,189","2,286","2,465","2,545","2,590","2,750","2,873","3,086","3,104","3,158",,,,,
102,74,71,83,94,107,118,132,138,137,137,158,194,218,218,227,243,268,290,293,308,315,353,384,423,462,487,497,539,573,590,614,631,684,734,761,783,804,835,847,900,980,"1,043","1,071","1,108","1,187","1,249","1,299","1,350","1,461","1,559","1,603","1,618","1,704","1,850","1,891","1,964",,,,,
103,41,38,39,49,58,65,71,79,75,72,87,100,117,124,123,135,150,158,172,171,170,177,216,234,254,290,304,304,325,338,351,382,390,406,449,469,456,466,484,510,538,571,598,629,660,703,750,754,831,901,942,971,974,"1,059","1,103","1,189",,,,,
104,19,19,19,21,27,34,39,42,42,36,41,49,57,63,65,71,82,85,89,98,94,94,102,130,142,159,180,178,179,187,197,210,235,227,247,263,263,264,263,267,298,305,310,344,358,391,414,422,438,500,536,551,561,582,615,663,,,,,
105+,16,25,20,20,25,26,32,38,46,47,37,34,45,53,58,63,72,85,95,103,98,99,103,107,121,150,179,188,197,196,211,227,241,260,272,282,295,293,271,271,290,323,338,350,371,390,441,467,490,520,596,639,644,681,704,770,,,,,
,,,,,,,,,,,,,,,,,,,,,,,,,,,,,,,,,,,,,,,,,,,,,,,,,,,,,,,,,,,,,
Total,"27,279,407","27,465,373","27,633,168","27,800,205","27,981,708","28,131,640","28,285,604","28,439,311","28,552,830","28,640,726","28,760,694","28,837,265","28,891,236","28,886,896","28,864,706","28,855,711","28,844,935","28,848,474","28,866,775","28,918,548","28,945,879","28,927,140","28,944,248","28,988,702","29,065,190","29,141,931","29,205,098","29,264,823","29,347,615","29,418,954","29,529,656","29,607,681","29,674,616","29,753,813","29,821,097","29,877,230","29,943,214","30,016,583","30,105,953","30,195,615","30,280,752","30,392,930","30,511,343","30,653,394","30,872,294","31,065,488","31,291,193","31,523,149","31,728,274","31,953,962","32,187,886","32,389,808","32,572,633","32,803,000","33,035,589","33,270,380",,,,,
,,,,,,,,,,,,,,,,,,,,,,,,,,,,,,,,,,,,,,,,,,,,,,,,,,,,,,,,,,,,,
,,,,,,,,,,,,,,,,,,,,,,,,,,,,,,,,,,,,,,,,,,,,,,,,,,,,,,,,,,,,,
,,,,,,,,,,,,,,,,,,,,,,,,,,,,,,,,,,,,,,,,,,,,,,,,,,,,,,,,,,,,,
,,,,,,,,,,,,,,,,,,,,,,,,,,,,,,,,,,,,,,,,,,,,,,,,,,,,,,,,,,,,,
