,,,,,,,,,,,,,,,,,,,,,,,,,,,,,,,,,,,,,,,,,,,,,,,,,,,,,,,,,,,,,,,
age,1961,1962,1963,1964,1965,1966,1967,1968,1969,1970,1971,1972,1973,1974,1975,1976,1977,1978,1979,1980,1981,1982,1983,1984,1985,1986,1987,1988,1989,1990,1991,1992,1993,1994,1995,1996,1997,1998,1999,2000,2001,2002,2003,2004,2005,2006,2007,2008,2009,2010,2011,2012,2013,2014,2015,2016,,,,,,,
0,"468,233","485,002","491,197","497,683","499,929","491,142","487,387","471,736","470,549","453,402","461,352","433,808","408,749","378,049","363,122","347,803","331,765","336,156","364,591","376,584","373,620","365,294","366,340","364,810","379,543","383,733","386,987","398,127","393,224","395,045","402,599","402,275","387,743","387,383","375,130","369,091","375,956","364,935","361,223","349,764","338,443","338,612","349,242","361,598","366,823","375,398","388,357","403,425","400,635","405,116","410,357","418,013","406,611","398,946","398,539","401,630",,,,,,,
1,"446,730","466,651","481,592","487,782","496,399","499,480","488,330","487,025","468,901","467,137","449,644","457,862","432,329","405,899","375,468","360,858","345,896","330,550","334,612","362,538","374,745","370,934","364,032","365,911","364,079","379,648","382,576","385,243","397,515","391,956","393,976","401,584","400,650","386,349","386,298","374,390","369,029","374,946","365,074","359,406","348,546","339,142","339,228","349,251","361,360","366,438","377,279","388,735","402,982","399,991","403,135","413,081","420,824","410,093","403,020","402,554",,,,,,,
2,"437,929","446,702","466,156","479,198","486,305","496,569","498,086","487,223","485,711","466,038","468,358","448,140","456,388","430,256","404,009","373,988","359,200","345,017","330,070","334,159","362,229","373,916","370,269","364,095","365,750","364,224","379,659","382,362","385,419","397,335","392,047","393,973","401,537","400,237","386,458","385,618","373,881","369,646","374,945","364,241","358,313","349,620","340,923","340,209","349,512","360,842","367,544","378,672","389,101","403,642","399,930","405,554","415,772","423,978","413,548","406,751",,,,,,,
3,"428,628","438,932","446,962","465,528","478,420","485,554","495,398","497,425","486,125","483,375","471,609","466,583","446,961","454,877","428,232","402,647","372,263","358,487","344,604","329,271","333,699","361,219","373,261","370,452","364,844","367,024","365,319","380,442","383,623","386,449","398,715","392,315","394,236","401,924","400,153","386,774","385,021","373,854","370,542","374,494","363,915","359,517","351,493","342,852","340,974","349,520","361,635","367,839","379,862","390,186","404,523","402,100","407,847","418,718","427,117","416,855",,,,,,,
4,"412,415","429,865","439,588","446,744","464,020","477,932","485,421","494,957","496,162","483,588","484,860","469,813","465,135","445,920","454,228","426,928","401,037","371,767","358,054","343,842","328,844","332,932","360,644","373,478","371,271","366,688","367,309","365,349","380,823","383,927","387,158","398,251","392,044","394,705","402,530","400,261","386,591","384,250","373,984","371,197","374,050","365,411","361,705","353,634","344,490","341,460","350,519","361,672","367,844","381,727","391,667","406,458","404,355","410,635","421,505","430,088",,,,,,,
5,"399,004","415,013","430,296","439,344","445,234","463,135","475,194","482,857","491,629","490,842","478,746","484,542","468,332","463,079","444,475","453,279","425,212","399,799","371,196","357,281","343,368","328,018","332,500","360,902","374,414","372,526","367,012","367,218","365,630","381,020","384,327","387,053","398,474","392,488","395,135","403,413","400,270","386,999","384,347","373,875","371,490","376,220","367,460","363,720","354,666","345,562","342,389","350,730","361,958","368,029","383,111","393,453","408,315","406,859","413,235","424,001",,,,,,,
6,"388,681","401,776","416,449","430,020","438,303","443,535","460,794","473,604","481,223","488,908","490,694","477,516","483,324","466,507","461,981","444,165","452,295","424,313","399,238","369,932","356,562","342,711","327,657","332,683","361,730","375,458","372,928","367,139","367,989","366,352","381,807","384,087","387,081","398,596","393,056","396,197","403,778","400,250","387,461","383,358","373,501","373,778","378,186","369,284","364,829","355,881","347,280","343,136","351,168","361,997","368,248","384,621","395,136","410,298","408,987","415,558",,,,,,,
7,"393,324","390,629","403,662","416,843","429,004","436,263","441,705","460,394","472,675","478,449","489,406","490,776","477,097","481,860","465,085","461,055","443,842","451,765","423,947","398,392","369,309","355,707","342,420","327,861","333,414","362,438","375,906","373,095","367,390","368,210","366,999","382,084","383,843","387,494","398,904","393,602","396,543","404,082","400,160","387,225","381,828","375,173","376,160","380,150","370,502","366,204","357,756","348,889","344,138","351,438","361,924","369,750","386,174","397,092","412,479","411,238",,,,,,,
8,"388,874","396,844","391,182","404,397","416,710","427,194","434,708","441,725","460,098","470,197","475,693","489,785","491,633","476,722","480,411","463,947","460,375","443,708","451,701","422,928","397,693","368,559","355,371","342,657","328,655","334,246","362,809","375,911","373,813","367,900","368,827","367,317","382,686","384,019","388,073","399,274","393,754","397,193","405,028","399,688","386,942","383,924","376,855","378,493","381,145","371,826","368,250","359,513","350,763","344,917","351,669","363,335","371,285","388,047","399,245","414,564",,,,,,,
9,"386,032","390,756","398,830","391,516","404,292","413,499","426,071","435,116","442,045","458,348","466,476","475,906","490,590","491,227","476,790","479,325","463,169","459,870","444,015","451,375","422,008","396,705","368,224","355,718","343,317","329,591","334,632","363,033","376,013","373,991","368,616","368,312","367,561","383,364","384,045","388,619","399,243","394,031","397,882","405,420","399,291","387,938","385,890","378,427","380,136","382,504","373,679","370,022","361,416","352,334","345,654","353,113","364,734","373,033","389,988","401,517",,,,,,,
10,"395,186","385,900","392,916","400,875","391,948","402,021","412,198","426,408","435,042","441,118","458,944","467,101","476,562","491,152","492,038","477,145","478,630","462,845","459,701","444,445","449,294","420,955","396,372","368,273","356,408","343,833","329,729","334,544","363,248","376,665","374,440","367,908","367,575","368,306","384,446","384,380","388,935","399,455","394,662","398,470","405,923","400,180","389,623","387,764","380,463","381,836","384,658","375,160","372,363","363,471","354,100","347,226","354,532","366,432","375,072","392,321",,,,,,,
11,"409,423","396,479","385,506","392,839","400,493","389,882","400,536","413,299","426,846","435,401","443,770","458,689","467,933","477,188","491,631","492,260","477,851","478,239","463,019","459,252","444,438","447,206","420,344","396,298","369,143","357,545","344,467","330,039","335,267","363,853","377,423","374,549","367,978","367,801","369,160","385,696","384,743","389,669","400,346","395,023","399,318","406,995","401,181","390,593","390,199","381,632","384,181","386,220","377,429","374,568","365,394","355,747","348,749","356,307","368,574","377,345",,,,,,,
12,"427,147","409,373","397,523","383,806","392,096","397,274","388,503","401,870","414,483","427,119","433,399","443,788","459,193","468,475","477,940","491,895","493,151","478,909","478,092","462,718","459,280","442,858","445,406","420,102","396,688","369,605","357,615","344,587","330,331","335,629","364,362","377,014","374,347","367,808","367,813","370,043","386,347","384,983","390,342","400,521","395,515","399,364","407,892","401,092","391,743","391,487","383,295","386,033","388,503","379,513","376,524","366,797","357,270","350,585","358,439","370,934",,,,,,,
13,"460,879","427,653","408,734","396,627","382,479","390,266","396,716","389,527","403,479","415,395","424,270","433,069","444,345","459,461","468,505","478,471","492,527","494,414","480,231","477,923","462,889","457,672","441,410","444,037","420,517","397,287","369,969","357,786","344,903","330,896","336,326","364,222","376,873","374,490","367,832","367,856","370,731","387,543","385,473","390,985","400,912","394,660","399,704","407,911","401,357","392,176","393,545","384,641","388,725","390,716","381,599","378,160","368,245","359,217","352,759","360,714",,,,,,,
14,"491,891","462,226","426,943","406,561","395,894","382,959","389,742","398,549","390,941","404,719","414,645","424,498","433,059","444,614","459,620","469,205","479,359","493,329","495,786","481,491","478,901","461,393","456,404","440,326","443,286","421,073","397,441","370,031","357,836","345,668","331,472","336,008","364,030","377,055","374,697","368,156","367,760","371,317","388,480","385,763","391,655","398,809","394,126","398,982","408,281","400,784","393,062","395,096","386,595","391,220","392,835","383,383","379,818","370,451","361,698","355,305",,,,,,,
15,"401,820","494,719","460,148","425,491","407,369","393,988","387,038","394,336","403,358","393,706","406,437","414,272","424,390","433,095","444,750","459,871","469,413","480,047","494,805","496,782","481,892","477,819","460,812","456,209","440,143","442,676","421,255","397,669","370,561","358,885","346,593","331,314","335,945","364,014","377,189","375,001","368,738","368,285","371,965","388,092","387,827","389,791","398,611","394,236","399,985","411,039","402,966","395,569","398,942","390,167","395,133","394,406","385,034","382,178","373,264","364,968",,,,,,,
16,"394,587","401,426","495,472","459,759","425,911","406,624","396,313","385,428","395,401","402,323","391,494","403,770","412,467","423,207","431,127","443,322","458,584","469,334","480,058","494,405","496,822","482,785","478,861","461,610","457,135","441,081","442,963","422,464","399,326","373,236","361,836","345,821","330,770","335,452","363,635","377,001","375,209","368,738","368,642","372,243","391,529","388,028","388,738","398,441","395,194","402,603","413,952","405,139","399,090","403,444","394,082","396,729","395,915","387,370","385,048","376,563",,,,,,,
17,"390,610","393,486","400,993","497,202","458,224","423,439","407,475","395,308","385,163","393,532","398,325","389,609","401,909","410,750","421,318","429,446","441,745","457,183","469,646","480,322","494,488","501,456","486,030","476,137","460,614","455,455","440,033","440,983","421,930","399,938","373,556","359,114","344,844","330,088","334,665","363,457","377,033","375,207","369,382","368,023","376,045","391,877","388,943","387,469","398,467","398,027","406,310","416,372","409,293","403,073","408,483","396,082","398,709","399,245","391,202","389,347",,,,,,,
18,"373,117","389,154","385,905","393,587","491,756","447,715","420,034","403,616","392,691","382,228","392,033","396,801","386,663","399,139","410,664","421,689","429,216","441,204","457,549","469,727","479,943","494,547","498,250","478,353","474,432","458,523","453,808","438,010","438,599","421,923","399,529","370,105","355,673","340,735","325,317","328,816","356,389","369,144","367,957","360,375","366,116","378,430","394,524","391,025","387,827","402,851","402,467","409,924","422,883","415,042","409,760","410,866","398,061","402,795","403,985","396,213",,,,,,,
19,"336,800","371,281","384,686","381,149","387,410","485,453","446,096","419,521","400,918","393,382","387,303","393,417","396,713","386,472","400,431","412,188","422,149","429,551","442,580","459,359","470,847","481,182","495,007","493,273","477,697","473,856","458,597","453,584","437,176","439,297","423,364","395,860","366,197","350,527","336,157","319,054","322,006","348,096","361,435","360,922","357,997","372,175","383,937","399,248","395,970","395,357","409,739","408,051","416,483","432,313","424,096","414,805","415,588","405,080","410,770","412,473",,,,,,,
20,"318,825","338,682","367,576","382,509","378,364","388,137","482,802","441,198","415,422","402,691","398,212","389,884","395,706","398,784","389,205","403,851","414,488","423,727","431,610","445,581","461,625","468,931","479,580","491,660","491,180","475,412","472,142","456,517","451,680","436,826","437,341","422,297","398,187","370,417","357,244","344,779","330,487","335,561","359,060","373,039","372,326","360,793","373,611","387,809","403,656","399,552","399,663","412,343","408,573","425,313","442,154","428,641","419,446","423,195","414,063","420,121",,,,,,,
21,"325,143","321,911","336,156","368,524","384,462","382,312","386,589","485,501","442,241","418,617","406,065","398,121","390,395","395,657","398,499","391,121","404,902","414,984","424,560","432,334","446,589","457,594","467,237","479,568","490,560","489,136","474,556","470,688","455,974","451,695","435,884","436,625","421,664","396,888","370,378","357,141","345,410","331,749","336,043","357,911","373,934","375,955","364,696","380,626","394,665","409,304","407,224","401,547","412,856","419,067","436,928","446,454","433,015","426,003","431,038","422,155",,,,,,,
22,"328,455","327,804","319,077","336,956","370,280","385,771","381,755","386,170","488,493","444,375","420,130","405,927","397,718","390,183","394,485","399,564","392,106","403,663","415,802","424,993","433,582","440,168","455,500","466,906","478,194","487,516","486,852","471,845","468,985","454,912","449,859","434,746","435,997","420,685","397,135","370,552","357,333","346,406","333,747","337,538","360,485","378,960","380,154","374,813","390,129","401,191","418,773","412,839","402,939","424,133","431,718","442,113","450,644","439,199","433,886","439,167",,,,,,,
23,"333,822","336,053","334,035","320,042","338,821","372,653","386,268","381,252","387,102","489,709","447,176","419,814","406,193","397,109","389,536","395,455","398,670","389,946","402,677","413,076","422,048","425,948","436,896","456,834","465,464","475,672","485,257","483,367","468,466","467,344","453,097","447,971","433,134","434,055","420,490","396,725","370,328","357,377","348,844","336,437","342,457","366,232","383,922","390,750","386,454","398,818","412,288","424,834","415,746","413,314","436,069","436,112","446,087","456,303","446,514","441,826",,,,,,,
24,"333,367","343,226","341,729","340,373","322,078","342,119","372,686","386,642","381,679","387,379","489,364","446,871","418,412","405,774","395,269","388,822","394,175","396,870","388,831","400,725","407,976","414,415","422,078","438,355","456,375","463,513","473,646","481,916","479,402","468,799","465,385","451,252","445,879","431,024","433,373","419,717","396,120","369,705","359,755","351,659","342,750","348,145","371,626","395,603","402,316","396,861","410,931","417,962","427,450","427,114","423,165","438,518","438,115","449,819","462,222","453,162",,,,,,,
25,"332,643","339,654","343,322","343,864","341,364","325,008","342,069","371,649","385,587","381,064","388,770","489,608","446,094","417,551","404,493","394,085","386,371","391,882","394,839","386,091","396,882","399,864","410,300","423,418","437,502","455,007","461,420","470,274","478,555","479,772","465,881","464,089","449,701","444,350","431,661","434,141","419,549","396,635","373,304","365,353","357,748","349,971","353,523","377,445","404,961","409,490","406,740","418,272","417,695","429,962","433,531","425,693","440,777","441,942","455,341","468,437",,,,,,,
26,"329,700","336,541","339,206","342,759","342,673","343,103","324,819","339,649","370,507","385,600","382,244","387,832","487,892","445,172","416,693","403,957","392,555","384,488","390,542","391,597","382,479","390,742","397,140","411,547","422,670","436,022","454,064","458,666","467,937","477,798","476,401","464,684","462,885","448,888","445,556","432,331","433,846","419,568","399,561","378,190","371,042","363,786","355,182","358,315","386,436","412,470","418,602","414,984","418,907","419,887","435,689","434,997","428,079","444,300","446,764","460,896",,,,,,,
27,"322,714","332,795","335,396","338,781","341,878","344,452","342,875","321,974","337,785","369,816","385,667","382,611","386,538","486,916","444,794","416,228","402,565","390,978","383,141","389,406","387,765","378,323","389,672","398,433","411,596","421,572","434,876","452,229","457,243","466,930","475,334","474,236","463,608","462,403","450,180","445,866","432,156","434,155","422,494","404,296","383,809","376,588","368,599","359,831","366,241","394,060","421,907","426,404","417,130","422,058","425,126","437,079","437,077","430,844","448,965","452,199",,,,,,,
28,"327,303","325,453","330,576","334,640","337,703","343,238","344,095","340,859","319,049","335,936","368,551","384,934","381,796","385,264","486,422","443,950","414,375","401,319","390,063","380,883","386,221","383,902","377,436","390,584","398,219","410,604","420,291","432,739","450,829","456,440","465,058","472,213","472,011","462,953","463,689","451,212","445,436","432,021","436,513","426,637","408,912","389,098","381,226","372,664","367,762","372,961","403,371","430,303","428,595","421,783","428,262","425,550","438,543","439,341","434,633","453,723",,,,,,,
29,"335,901","330,221","323,012","329,229","332,957","338,814","342,651","342,697","338,079","316,473","337,440","367,874","384,746","380,150","384,270","485,605","442,310","412,809","400,129","388,561","377,941","382,264","382,740","378,256","390,124","397,215","409,379","418,025","431,849","450,553","454,073","462,933","470,059","471,193","463,966","464,142","451,270","445,603","434,274","440,461","430,324","413,536","393,506","384,936","379,587","373,910","380,791","411,457","433,032","432,716","428,925","428,918","427,226","440,786","443,500","439,588",,,,,,,
30,"344,278","339,717","327,729","322,609","328,295","336,020","339,366","342,315","341,155","336,016","317,525","336,810","367,242","383,275","378,693","383,139","483,914","440,738","412,279","397,916","385,920","374,239","380,893","383,347","378,319","389,580","396,511","408,088","417,748","430,791","449,767","451,927","460,892","468,430","471,350","464,778","464,199","450,912","447,247","437,589","443,470","430,688","414,418","394,515","388,188","382,094","376,420","386,360","416,967","434,054","434,468","428,618","430,041","428,785","443,494","447,143",,,,,,,
31,"338,950","346,602","337,802","326,140","320,942","331,136","335,402","337,981","340,170","338,561","336,791","316,771","336,292","366,127","381,912","377,547","381,878","482,380","440,221","410,867","395,409","382,700","372,952","380,866","383,215","377,550","388,846","395,103","407,568","416,052","429,763","447,092","450,223","459,782","468,178","471,216","464,665","464,235","452,642","450,337","440,882","443,890","431,590","415,573","397,487","390,067","384,108","381,179","390,374","418,092","436,318","434,272","429,646","431,942","431,902","446,994",,,,,,,
32,"338,404","341,712","344,734","336,646","324,219","323,583","330,196","333,434","336,025","337,469","339,539","335,634","315,560","335,164","364,630","380,891","376,526","380,513","481,843","438,832","409,390","392,704","381,367","372,715","380,761","382,554","376,891","387,625","394,805","406,809","415,327","427,861","444,671","448,943","459,478","468,093","470,759","464,430","465,348","454,765","452,373","441,416","444,964","432,809","418,452","399,543","391,787","388,296","385,156","390,862","420,578","435,420","434,707","430,806","434,309","434,760",,,,,,,
33,"336,557","340,405","340,539","343,735","335,157","327,741","322,954","327,532","331,184","333,403","339,006","337,768","334,948","314,109","333,921","363,246","379,734","375,038","380,208","480,382","435,929","406,725","392,038","381,344","372,771","380,230","382,114","375,901","387,751","394,133","406,351","415,059","426,601","443,263","449,022","459,603","467,413","470,351","465,359","467,598","457,001","452,352","441,678","445,924","435,264","420,175","401,118","395,507","391,623","385,723","392,479","419,307","435,306","435,563","432,286","436,208",,,,,,,
34,"342,781","338,625","339,632","340,020","342,058","337,347","326,957","330,367","325,173","328,967","334,287","337,716","337,099","333,790","312,487","332,315","362,070","378,574","374,265","379,228","477,540","433,040","405,216","391,471","381,443","371,948","379,544","380,967","375,570","386,916","393,984","406,403","414,236","425,428","442,191","448,721","458,574","466,020","470,301","467,262","469,242","456,534","452,554","441,939","448,445","436,927","421,817","404,697","398,571","392,002","387,494","391,579","419,275","436,148","437,099","434,159",,,,,,,
35,"352,122","345,621","338,763","339,805","339,138","343,059","335,405","322,567","316,823","322,491","328,103","333,263","336,624","335,819","332,076","310,617","331,070","360,932","377,896","373,026","375,754","474,219","431,872","405,334","391,231","380,834","371,138","378,294","380,502","374,621","386,069","393,775","406,198","413,798","424,544","440,699","447,421","457,506","465,775","470,495","467,910","469,541","458,234","453,130","445,532","450,662","440,602","423,204","404,889","399,225","393,012","386,492","391,241","419,462","437,332","438,530",,,,,,,
36,"354,579","353,812","345,323","338,073","338,348","338,931","341,357","332,732","319,874","315,229","324,518","327,262","331,855","335,319","334,063","330,433","309,098","330,105","360,502","376,827","370,826","373,964","473,265","432,066","405,029","390,421","380,057","369,926","377,640","379,546","374,026","385,374","393,584","406,188","413,719","423,845","439,319","446,403","457,456","465,539","470,602","468,316","470,872","458,155","456,141","446,727","453,909","441,908","423,543","405,723","400,161","392,220","386,384","391,352","420,414","438,648",,,,,,,
37,"360,200","356,261","353,132","344,539","336,773","337,757","337,459","338,546","330,277","317,483","313,962","323,545","326,175","330,041","333,776","331,922","329,066","307,708","330,000","360,244","374,570","368,420","372,113","473,160","431,696","404,241","389,820","379,065","368,818","377,279","379,092","373,436","384,515","393,513","406,284","413,508","422,888","438,087","446,446","457,582","465,592","470,764","469,424","470,604","460,622","457,178","449,149","455,355","442,146","424,268","406,697","399,472","391,879","386,382","392,107","421,655",,,,,,,
38,"364,375","360,826","354,577","352,152","343,438","335,694","336,379","334,920","336,344","328,627","317,341","312,974","321,967","324,449","328,561","331,812","330,528","327,625","307,452","329,386","358,328","372,220","367,063","371,814","472,827","430,987","403,763","389,047","378,400","368,724","376,454","378,216","372,877","383,932","393,820","406,514","413,061","422,098","437,787","446,374","457,675","465,891","471,972","469,217","472,440","461,025","459,133","449,717","455,768","442,887","425,323","405,867","399,591","392,113","387,285","393,382",,,,,,,
39,"386,797","364,883","358,088","352,909","351,175","341,956","334,229","334,056","333,097","334,967","328,032","315,901","312,631","320,272","323,587","326,917","330,608","328,787","327,573","306,789","327,824","356,028","370,674","367,565","371,586","472,293","430,795","403,114","388,145","378,835","368,308","376,128","377,778","372,815","383,953","393,979","406,590","412,998","422,473","437,535","446,624","458,468","467,379","471,612","470,853","472,523","462,300","459,611","449,256","456,509","443,860","424,616","405,993","399,502","392,441","387,930",,,,,,,
40,"410,522","388,092","363,167","356,520","351,749","350,548","342,307","333,481","332,586","331,853","332,121","327,438","315,292","311,196","318,938","322,318","326,137","329,270","328,707","326,072","304,808","326,998","355,995","371,544","367,442","371,191","472,112","430,143","402,348","388,807","378,560","367,994","375,079","377,289","373,039","383,626","394,035","406,596","413,122","421,621","435,946","449,171","458,258","465,939","472,793","469,302","471,928","461,902","460,477","447,370","455,459","442,685","424,786","405,707","399,874","392,911",,,,,,,
41,"397,543","409,807","385,247","360,949","354,724","351,323","349,361","340,964","331,284","331,072","331,708","331,675","326,056","313,854","310,420","317,896","321,837","325,117","328,744","327,674","324,277","304,056","326,293","355,350","371,109","366,531","370,378","471,134","429,910","402,698","388,135","377,789","367,708","374,715","377,044","373,043","383,193","393,931","407,261","413,353","421,350","437,921","449,131","456,876","467,001","471,294","468,503","471,065","462,012","458,585","445,586","454,295","442,618","424,496","405,771","399,936",,,,,,,
42,"307,853","405,966","405,460","382,968","359,158","354,581","350,389","347,849","338,847","329,745","329,409","331,296","330,876","324,378","312,240","309,294","316,986","320,789","324,170","328,174","325,469","323,073","302,847","325,428","354,631","370,301","365,621","369,305","470,784","428,881","401,857","387,093","376,701","367,509","374,366","376,938","372,874","382,779","394,405","407,677","413,177","423,131","437,710","448,373","457,943","465,966","470,612","467,603","470,852","459,669","456,783","444,650","454,204","442,518","425,003","406,621",,,,,,,
43,"285,821","301,829","409,347","401,785","380,838","358,622","353,115","348,400","345,780","337,513","328,834","328,076","330,210","329,268","323,376","311,061","308,783","316,145","320,048","323,318","326,032","324,241","321,728","301,822","324,794","353,640","369,390","364,411","368,643","469,282","428,232","400,926","386,367","375,807","367,533","373,848","376,430","372,683","382,864","395,186","407,918","414,735","422,894","436,432","449,555","457,033","465,473","469,637","467,204","468,450","457,484","455,623","444,442","454,049","443,067","425,495",,,,,,,
44,"316,271","284,512","294,281","410,182","398,764","380,359","357,062","350,793","345,932","344,182","336,876","327,408","327,477","328,442","328,063","321,785","310,131","308,250","315,160","318,756","321,055","324,519","322,962","320,585","300,894","323,910","352,388","368,130","363,328","367,647","468,755","427,482","400,048","385,759","375,337","367,500","373,463","375,776","372,835","382,818","395,265","409,009","414,477","421,745","437,264","449,090","456,800","464,890","469,266","464,776","466,094","456,408","455,394","444,432","454,825","443,921",,,,,,,
45,"333,626","315,947","281,324","292,551","414,074","399,780","378,401","354,799","347,947","343,653","343,321","334,736","326,406","325,528","327,087","326,572","320,490","308,977","307,088","314,185","316,566","319,320","323,031","322,000","319,315","299,786","322,725","350,994","367,433","362,124","366,479","465,708","426,536","398,978","384,786","374,100","366,915","372,499","375,307","372,277","382,256","392,830","408,515","414,397","421,431","437,308","447,242","456,384","464,705","469,065","463,686","465,075","455,954","455,343","444,995","455,248",,,,,,,
46,"360,676","332,982","313,291","279,696","289,995","411,180","396,375","375,121","351,994","345,815","342,723","341,935","332,983","324,344","324,521","325,374","325,066","319,077","307,817","305,470","311,869","314,816","317,838","321,702","320,906","317,801","298,464","321,317","349,703","365,908","360,957","366,379","463,000","425,863","398,169","383,709","372,794","366,387","371,858","374,451","371,795","379,875","392,423","407,998","413,905","421,356","435,134","447,104","456,277","464,719","468,213","462,711","464,383","455,793","455,570","445,377",,,,,,,
47,"365,313","360,549","330,751","311,606","277,068","289,028","409,214","391,698","371,866","349,535","346,576","340,713","340,128","330,769","322,894","322,863","323,754","323,608","317,710","306,142","302,841","310,094","313,265","316,457","320,453","319,554","316,197","296,953","320,216","348,030","364,634","360,300","365,872","460,897","425,068","397,023","382,554","371,672","366,124","370,898","373,948","369,055","379,467","391,902","407,110","413,788","419,428","434,674","447,418","456,460","464,223","467,094","462,066","464,096","456,082","455,765",,,,,,,
48,"360,367","364,318","359,773","329,404","309,369","276,088","284,732","407,258","387,526","369,055","346,638","344,219","338,799","338,067","329,092","320,921","321,049","321,875","322,165","315,842","303,735","301,133","308,444","311,639","315,137","318,959","318,095","314,573","295,705","318,880","346,692","362,858","359,507","365,324","458,626","424,111","395,747","381,325","370,629","365,514","370,061","371,563","368,247","379,102","391,041","406,539","411,773","418,987","434,504","447,927","456,079","463,093","466,255","461,581","464,148","456,227",,,,,,,
49,"355,856","360,018","361,722","358,997","327,158","307,249","273,020","278,031","405,693","383,940","367,716","345,081","342,483","336,841","336,102","327,181","318,669","318,865","320,206","320,307","313,932","302,102","299,738","307,046","310,196","313,599","317,306","316,579","312,910","294,549","317,691","345,535","361,240","358,749","364,581","456,130","422,831","394,528","380,427","369,338","364,879","367,994","370,736","367,341","378,363","390,445","404,255","411,179","418,801","434,456","447,778","454,825","462,096","465,883","461,581","464,338",,,,,,,
50,"357,103","354,225","358,757","359,507","356,201","323,579","303,851","269,892","274,253","406,895","381,534","365,085","343,623","339,980","333,859","333,494","324,762","316,334","316,974","318,117","318,090","312,303","300,563","298,232","305,500","308,684","311,872","315,576","315,199","311,567","293,191","315,825","344,115","359,269","358,013","363,945","453,136","421,561","393,111","379,263","367,205","363,671","367,084","368,843","366,691","377,145","389,369","404,005","410,671","417,594","433,173","446,615","453,909","461,548","465,548","461,476",,,,,,,
51,"354,469","354,286","352,360","357,170","356,282","351,727","320,317","300,890","267,662","269,725","398,996","378,102","362,776","340,854","336,944","331,112","330,771","322,232","314,328","314,911","316,014","316,160","310,401","298,654","296,850","303,796","306,844","310,056","313,923","313,788","309,981","292,447","314,135","342,713","357,646","357,148","362,955","450,251","420,342","391,939","377,400","366,077","362,144","365,446","368,285","365,064","376,168","389,316","403,134","409,265","416,388","432,047","445,463","453,143","461,048","465,066",,,,,,,
52,"356,191","353,000","351,885","349,909","354,401","352,709","348,352","317,372","298,637","264,465","273,162","395,405","374,793","359,569","337,853","333,719","328,044","327,853","319,791","312,271","312,779","313,846","314,134","308,419","297,017","295,108","301,982","305,060","308,395","312,352","312,193","308,408","291,306","312,408","341,355","355,811","355,915","361,928","447,711","419,355","390,057","375,921","364,655","359,856","365,033","366,631","363,680","376,096","388,346","401,139","407,779","414,983","430,843","444,761","452,399","460,647",,,,,,,
53,"352,894","354,531","350,845","348,760","346,359","348,855","348,482","345,927","315,040","295,097","262,101","270,337","391,407","370,998","356,015","334,184","330,299","325,009","324,863","317,198","310,210","309,822","311,132","311,728","306,406","294,882","292,870","299,909","303,150","306,619","310,516","310,447","306,646","290,088","310,622","339,724","353,691","354,498","360,819","444,902","417,310","388,325","374,079","362,580","358,854","363,620","365,255","363,243","375,357","386,528","399,278","406,516","413,939","430,035","443,862","451,688",,,,,,,
54,"343,261","350,319","351,550","347,690","344,702","341,212","344,817","344,855","343,361","311,245","291,411","258,542","267,487","387,235","367,575","351,927","330,701","326,914","321,777","321,575","314,773","307,152","306,969","308,650","309,394","303,980","292,372","290,839","297,872","301,309","304,647","308,946","308,697","305,001","288,973","308,603","337,880","351,273","353,438","360,058","441,308","414,849","386,341","371,495","361,674","356,746","362,406","364,746","361,927","373,616","384,708","397,722","405,155","412,999","429,088","442,875",,,,,,,
55,"333,926","339,842","345,972","347,723","343,427","340,419","337,044","341,462","340,997","337,679","309,511","287,580","255,630","264,004","382,709","363,553","347,713","326,980","323,337","318,588","318,529","311,365","304,094","304,291","305,889","306,689","300,978","289,880","288,676","295,660","298,874","302,764","307,094","306,793","303,026","287,486","306,487","335,916","349,162","351,974","358,612","439,459","411,310","383,898","369,869","359,702","354,197","360,353","363,161","360,173","372,187","383,248","396,172","403,867","411,759","427,953",,,,,,,
56,"327,852","330,825","335,455","341,726","343,623","339,037","336,046","332,788","337,419","335,135","330,013","305,472","283,921","251,973","260,755","378,254","358,564","343,242","322,830","319,021","315,123","314,817","307,927","300,793","301,163","302,720","303,459","298,067","287,230","286,202","293,042","296,489","300,466","304,848","304,603","300,919","285,558","304,138","333,842","346,529","349,921","355,487","436,997","408,087","381,801","367,316","357,126","351,510","358,798","361,201","358,149","370,446","381,658","394,776","402,345","410,189",,,,,,,
57,"321,431","323,914","327,103","330,867","336,795","338,088","334,233","330,987","328,348","331,914","331,185","325,036","301,547","279,548","248,382","256,937","372,856","353,370","338,571","318,175","315,300","310,736","311,122","304,185","297,356","297,508","299,084","300,159","295,018","284,321","283,415","290,416","293,949","298,059","302,363","302,186","298,567","283,549","301,846","331,432","343,954","346,771","352,037","434,973","405,213","379,159","364,560","354,545","349,458","357,164","359,232","356,445","368,622","380,163","393,423","400,779",,,,,,,
58,"313,196","316,511","319,473","322,380","325,826","331,318","333,079","328,784","325,759","322,148","327,335","326,383","319,932","296,596","274,872","244,055","252,825","366,512","348,015","333,563","313,554","310,571","306,339","307,219","300,227","293,576","293,209","295,412","296,932","291,767","281,244","280,575","287,602","291,240","295,583","300,025","299,631","296,055","281,775","299,074","329,020","341,517","343,277","348,893","433,252","401,892","376,069","361,604","352,400","347,105","355,330","356,844","354,218","366,639","378,415","391,588",,,,,,,
59,"301,430","308,097","310,277","314,408","317,075","319,239","325,052","326,624","323,274","318,975","318,000","321,366","321,206","314,146","291,465","269,972","239,805","248,253","360,607","342,385","327,928","308,462","305,695","301,994","303,222","295,836","288,963","289,154","291,787","293,392","288,276","278,462","277,497","284,527","288,443","293,031","297,466","296,884","293,507","279,767","296,317","325,809","338,837","340,056","345,950","431,074","398,005","372,728","359,120","350,116","344,537","352,851","354,248","352,170","364,674","376,664",,,,,,,
60,"289,316","295,090","302,183","304,652","308,633","307,706","313,082","317,897","320,339","316,466","312,484","312,324","315,756","315,196","308,534","286,073","265,182","235,327","244,283","354,488","336,581","322,023","303,176","300,875","297,147","298,582","290,851","284,687","285,084","287,793","289,653","284,362","274,987","274,204","281,257","285,249","290,008","294,391","293,949","290,625","277,016","293,373","322,475","335,938","336,350","341,918","426,429","394,462","369,845","356,831","347,508","341,873","350,160","351,854","350,167","362,766",,,,,,,
61,"271,002","282,417","287,605","295,372","297,565","298,478","301,095","305,970","310,814","313,007","310,976","305,604","305,788","309,056","308,496","301,862","280,577","259,329","230,669","239,363","347,647","329,982","316,289","297,969","295,620","291,934","293,259","286,121","280,341","280,734","283,429","285,267","280,195","271,811","270,786","277,967","281,931","286,998","291,531","290,827","287,481","273,594","290,102","318,898","332,869","332,247","336,515","424,000","390,863","367,118","353,665","344,488","339,038","347,741","349,645","347,996",,,,,,,
62,"243,950","264,091","274,784","280,152","288,038","288,196","291,396","294,051","298,355","302,818","305,890","303,346","298,365","298,502","302,003","301,241","295,217","274,167","253,558","225,331","232,756","340,183","323,120","310,101","292,294","289,728","286,092","288,121","281,229","275,590","276,067","278,619","280,465","275,778","267,821","266,845","274,192","278,218","283,501","288,115","287,095","283,868","269,765","286,543","315,132","329,551","326,878","332,833","421,409","387,286","363,730","350,518","341,371","336,360","345,319","347,226",,,,,,,
63,"227,478","237,147","255,978","266,802","271,925","277,695","279,943","283,685","286,294","289,994","295,648","297,610","295,551","290,470","291,256","294,121","293,783","287,753","267,545","247,307","218,956","227,347","332,227","315,658","303,540","286,037","283,095","280,295","283,006","275,915","270,465","271,076","273,403","275,494","271,220","263,627","262,803","270,180","274,419","279,861","284,293","283,285","279,810","265,593","282,783","310,929","324,801","323,186","329,205","418,803","382,951","360,339","347,330","338,724","333,812","342,576",,,,,,,
64,"217,725","219,967","229,538","248,141","258,511","262,125","268,994","271,195","275,150","277,481","281,892","287,058","289,040","287,030","282,416","282,690","286,293","285,530","280,043","260,516","240,490","213,524","221,693","323,863","307,745","296,348","278,608","276,654","274,462","277,333","270,307","264,776","265,635","268,123","270,334","266,276","259,146","258,532","266,037","270,327","275,940","280,187","279,056","275,436","261,190","278,732","305,696","321,652","319,185","325,610","415,577","378,979","356,688","344,099","335,678","330,729",,,,,,,
65,"203,085","210,105","212,613","221,995","239,632","247,614","253,660","259,909","262,558","266,071","268,656","271,898","277,194","279,142","277,435","272,970","273,479","277,129","276,778","271,660","253,602","233,745","207,548","215,907","314,801","299,254","287,775","271,551","270,023","267,845","271,129","264,138","258,748","259,872","262,543","264,762","260,902","254,827","254,227","261,716","266,519","271,031","274,879","273,854","270,774","256,040","274,425","302,034","318,439","315,708","321,178","410,888","374,775","353,009","340,422","331,974",,,,,,,
66,"193,989","195,382","201,862","204,155","214,185","228,668","238,289","243,100","250,574","251,894","256,771","258,688","262,353","267,358","268,980","267,741","263,688","264,466","268,085","268,152","263,449","245,841","226,832","201,621","209,684","305,283","292,582","279,800","264,566","262,805","260,917","263,839","257,533","252,375","253,857","256,654","258,900","255,562","249,909","249,300","257,335","261,298","265,392","269,512","269,049","265,642","251,311","270,741","297,866","315,352","311,199","317,268","406,033","370,703","348,975","336,563",,,,,,,
67,"185,015","186,496","187,449","193,334","196,039","203,455","219,387","227,767","233,167","239,876","242,126","246,073","248,514","252,199","257,350","258,499","257,842","254,089","254,951","258,858","258,703","254,391","237,822","219,650","195,314","202,967","298,155","283,456","271,436","256,884","255,237","253,257","255,970","250,446","245,728","247,424","250,425","252,835","249,599","244,844","244,557","251,999","255,684","259,857","264,398","263,891","260,828","246,920","266,696","293,907","311,420","306,951","313,085","401,139","366,002","344,726",,,,,,,
68,"177,997","176,158","178,448","178,939","184,701","185,516","194,707","208,609","217,383","221,640","229,142","231,464","235,430","237,805","241,772","246,484","247,910","247,599","244,182","245,353","249,266","248,667","245,027","229,363","212,124","188,478","195,124","287,860","274,255","262,671","248,910","247,184","245,383","248,084","243,213","238,840","240,734","244,050","246,463","243,498","239,526","239,004","246,320","249,835","254,287","258,915","258,793","256,227","242,180","262,809","289,369","306,684","302,324","308,651","395,680","361,029",,,,,,,
69,"166,748","169,701","167,105","170,257","170,549","174,379","176,788","184,812","198,565","205,740","212,113","218,015","220,585","224,213","226,607","230,596","235,594","237,072","237,026","234,454","235,528","238,766","238,653","235,349","220,460","203,916","179,990","187,779","277,386","264,361","253,524","240,181","238,729","237,240","240,033","235,674","231,655","233,936","237,251","239,762","237,683","233,441","232,728","240,136","244,060","248,308","253,398","253,891","251,196","237,541","258,169","284,257","301,597","297,435","303,869","389,759",,,,,,,
70,"155,196","157,909","160,504","158,200","162,141","160,581","166,284","167,425","175,123","187,210","195,543","200,592","206,714","209,266","213,078","215,348","219,265","224,229","226,157","226,488","223,536","224,859","228,035","228,451","225,227","211,334","194,261","172,780","180,351","266,224","253,902","243,928","231,076","229,858","228,954","231,375","227,786","224,176","226,731","230,058","233,101","231,175","226,908","226,475","234,307","238,139","242,681","248,094","248,533","246,224","232,241","253,211","278,987","296,181","292,273","298,550",,,,,,,
71,"144,215","146,876","148,351","151,793","149,437","151,095","151,919","156,087","157,110","165,172","178,712","184,127","189,155","195,058","197,793","201,266","203,950","207,588","212,704","215,078","215,883","212,375","213,949","217,322","217,688","214,645","200,821","185,841","165,460","172,444","254,761","243,352","233,986","221,919","220,995","220,052","222,699","219,904","216,279","219,306","223,043","225,750","224,261","220,123","220,116","228,111","232,084","236,873","242,514","243,234","240,410","227,020","247,889","273,383","290,461","286,665",,,,,,,
72,"135,847","135,596","137,793","139,558","142,769","139,599","142,625","142,073","145,672","146,923","152,493","167,102","172,716","177,396","183,148","185,868","189,465","192,152","195,893","201,073","203,315","203,720","200,990","202,928","206,099","206,374","203,607","191,115","177,531","157,720","164,256","242,877","232,600","223,469","212,465","211,531","211,083","213,740","211,411","208,150","211,854","215,378","217,893","216,879","213,255","213,403","221,912","225,979","230,669","236,773","237,351","234,508","221,555","242,115","267,272","284,335",,,,,,,
73,"126,524","126,923","126,168","129,359","130,042","132,030","130,444","133,001","131,991","135,178","137,535","141,731","155,620","160,372","165,858","171,235","173,965","177,245","180,242","183,997","189,376","190,605","191,376","189,422","191,474","194,393","195,211","192,495","181,509","168,509","149,907","156,901","230,850","221,603","212,960","202,547","201,886","202,005","204,506","202,571","200,099","203,683","207,222","210,007","209,586","206,170","207,007","215,608","219,484","224,392","230,545","231,232","228,348","216,099","236,273","260,737",,,,,,,
74,"116,252","116,912","117,572","117,751","120,242","120,264","122,759","119,948","122,852","121,569","125,989","127,283","131,134","143,810","148,533","153,667","158,990","161,852","164,721","168,430","171,436","176,619","178,164","179,245","177,488","179,712","182,884","183,965","181,547","171,292","159,390","141,873","149,198","218,087","210,281","202,074","192,592","192,263","192,472","194,875","193,992","191,545","195,074","198,817","202,148","202,020","199,181","200,431","208,905","212,796","217,713","224,191","224,857","222,372","210,093","230,007",,,,,,,
75,"107,249","106,522","107,579","108,884","108,523","109,335","110,779","112,396","110,247","113,173","113,815","115,758","117,018","120,557","132,230","136,894","141,891","146,730","149,645","152,803","155,060","158,965","163,898","165,840","167,000","165,245","167,723","171,200","172,777","170,216","161,136","149,779","133,514","140,984","205,590","198,739","191,042","182,383","182,086","182,573","185,593","184,834","182,685","186,479","190,724","194,047","194,541","191,869","193,518","202,127","205,743","210,965","217,282","218,364","215,612","203,808",,,,,,,
76,"97,418","99,661","96,699","98,698","100,115","98,312","100,458","100,715","102,920","100,383","104,190","103,834","105,687","106,830","109,917","121,011","125,258","130,002","134,489","138,072","141,553","142,747","146,737","151,452","153,299","154,185","153,306","156,003","159,713","160,984","159,205","150,765","140,269","124,836","133,132","192,718","186,986","180,253","171,989","171,962","173,220","175,917","175,384","173,780","177,755","182,299","185,921","186,736","184,241","186,377","194,943","198,634","203,509","210,416","210,995","208,628",,,,,,,
77,"87,721","87,519","93,214","87,876","89,747","89,411","89,873","91,304","91,512","93,087","92,433","94,826","93,923","95,932","97,164","99,795","109,928","113,727","118,144","122,920","125,895","129,512","130,705","134,615","139,039","140,489","142,346","141,571","144,609","147,873","149,506","147,748","139,559","130,349","116,312","125,027","179,697","175,417","168,993","161,395","162,216","163,104","165,885","165,811","164,821","169,064","173,616","177,548","178,595","176,340","178,995","187,360","191,081","196,226","202,447","203,267",,,,,,,
78,"78,783","78,472","77,864","87,448","79,159","80,089","81,351","80,623","82,643","82,076","84,156","83,120","85,355","84,396","86,302","87,244","90,112","98,966","102,662","107,176","111,680","114,072","117,411","118,871","122,692","126,504","128,868","130,544","130,018","132,893","136,311","137,711","136,213","129,111","120,718","107,667","117,089","167,079","163,620","157,347","151,353","152,035","152,994","155,985","156,137","155,679","160,189","164,880","168,976","170,560","168,328","171,324","179,314","183,409","188,015","194,087",,,,,,,
79,"70,305","70,044","69,073","69,439","79,907","67,669","71,683","72,521","72,345","74,052","73,596","75,032","74,008","76,375","75,244","77,037","78,159","80,599","88,378","91,960","96,699","100,415","102,691","105,996","107,394","110,505","115,314","117,357","119,123","118,415","121,363","124,892","126,311","124,971","118,656","110,898","99,198","109,518","154,000","151,913","146,568","140,931","141,654","142,860","145,855","146,779","146,707","151,161","155,799","160,306","162,073","160,485","163,156","171,376","174,775","179,601",,,,,,,
80,"61,909","61,915","60,986","61,415","61,365","68,424","61,951","63,372","64,672","64,250","65,729","65,062","66,122","65,698","67,645","66,250","68,328","69,177","71,262","78,528","82,731","85,909","89,865","92,345","95,263","96,518","100,135","103,643","105,997","107,308","107,049","110,051","113,702","114,400","113,944","107,883","101,375","91,117","101,766","141,029","140,566","135,235","130,324","131,247","132,891","136,079","137,165","137,461","141,915","146,885","151,412","153,369","151,839","154,867","162,277","165,896",,,,,,,
81,"53,510","53,706","53,167","53,659","53,822","52,689","62,419","53,907","55,607","56,667","56,767","57,808","56,834","57,876","57,579","59,184","58,312","59,773","60,715","62,611","70,080","73,069","75,865","79,720","81,881","84,488","85,839","89,207","92,697","94,508","96,187","96,337","99,294","101,957","103,427","102,821","97,416","92,063","82,989","94,125","128,965","128,938","124,012","119,643","121,076","122,953","126,280","127,567","127,892","132,643","137,671","142,281","144,171","143,293","145,722","152,996",,,,,,,
82,"45,932","45,847","45,454","46,028","46,634","45,834","45,922","57,714","46,725","48,156","49,718","49,312","50,160","49,244","50,089","49,724","51,628","50,865","51,932","52,913","54,980","60,988","63,885","66,567","70,044","71,823","74,654","75,847","79,209","81,902","83,950","85,661","85,912","88,366","91,261","92,374","92,281","87,787","82,904","74,942","87,017","116,730","116,944","112,924","109,428","111,028","113,084","116,289","117,744","118,635","123,344","128,283","132,435","134,990","133,787","136,457",,,,,,,
83,"39,331","38,623","37,853","38,487","39,360","39,111","39,305","38,696","52,927","40,066","41,535","42,692","41,992","43,048","41,814","42,742","42,626","44,408","43,529","44,578","45,209","47,396","52,530","55,430","57,720","60,768","62,687","65,281","66,453","68,861","71,966","73,923","75,775","75,820","78,198","80,669","81,885","82,253","77,953","73,834","67,272","78,902","104,564","105,187","102,225","99,407","101,186","103,230","106,590","108,390","109,283","113,935","118,502","122,882","124,667","124,118",,,,,,,
84,"32,920","32,129","31,637","31,660","32,342","32,910","33,338","32,347","32,186","48,035","34,221","35,154","36,137","35,348","36,299","34,847","36,070","36,114","37,732","36,992","37,893","38,680","40,369","44,923","47,516","49,379","52,496","54,122","56,534","57,293","59,620","62,638","64,597","65,840","66,325","68,352","70,863","72,149","72,277","68,463","65,572","60,050","70,968","92,600","93,761","92,047","89,785","91,646","93,339","97,094","98,834","99,655","103,926","109,044","112,442","114,574",,,,,,,
85,"27,226","27,133","26,594","27,163","27,437","27,014","27,365","26,924","27,024","26,948","28,629","28,322","29,125","30,157","29,460","30,348","28,893","30,109","30,150","31,879","31,149","32,083","32,760","34,139","38,017","40,058","42,106","44,702","46,337","47,868","48,776","51,142","54,097","55,247","56,858","57,172","59,261","61,691","62,528","62,893","59,699","57,602","52,561","63,356","81,309","82,968","82,152","80,143","82,011","83,994","87,567","89,415","89,881","94,559","98,571","102,258",,,,,,,
86,"21,536","21,796","21,445","21,688","21,904","21,879","22,344","21,975","22,006","21,914","23,504","23,423","22,984","23,812","24,840","24,066","25,068","23,712","24,905","24,778","25,647","25,945","26,779","27,418","28,375","31,545","33,613","35,227","37,620","38,754","40,535","41,491","43,719","45,658","47,220","48,486","48,768","50,959","52,915","53,620","54,489","51,630","50,055","45,381","55,995","70,836","72,439","72,461","70,795","72,954","74,967","78,149","79,740","81,063","84,424","88,486",,,,,,,
87,"16,366","16,854","16,836","17,150","17,159","17,077","17,742","17,597","17,643","17,584","18,373","18,952","18,777","18,655","19,179","20,114","19,671","20,569","19,002","20,324","20,079","20,992","21,363","22,112","22,653","23,241","26,043","27,655","29,322","30,885","32,056","33,984","34,915","36,341","38,601","39,554","40,812","41,360","43,123","44,808","45,785","46,583","43,878","42,689","38,879","49,178","60,737","62,765","63,096","62,180","64,219","66,193","68,707","70,905","71,190","74,887",,,,,,,
88,"12,139","12,603","12,809","13,248","13,364","13,155","13,624","13,707","13,855","13,849","14,660","14,524","15,063","14,845","14,797","15,217","16,183","15,730","16,555","15,095","16,275","16,225","16,978","17,432","18,017","18,406","18,957","21,156","22,543","23,842","25,220","26,351","28,103","28,504","30,119","31,799","32,803","34,041","34,287","35,898","37,584","38,574","39,347","36,753","35,945","32,928","42,938","51,043","53,242","54,632","53,899","55,818","57,350","60,107","61,372","62,141",,,,,,,
89,"8,844","9,183","9,410","9,860","10,115","10,062","10,299","10,316","10,581","10,670","11,458","11,594","11,266","11,771","11,463","11,413","11,938","12,804","12,364","13,443","12,511","12,925","12,922","13,614","14,013","14,400","14,825","15,193","16,878","17,769","19,209","20,393","21,594","22,670","23,436","24,396","25,910","26,975","27,780","28,108","29,739","30,973","31,856","32,656","30,319","30,023","27,509","37,194","42,216","44,656","46,501","45,993","47,477","49,451","51,143","52,736",,,,,,,
90,"6,327","6,533","6,703","7,120","7,383","7,426","7,700","7,673","7,832","7,982","8,946","9,226","9,231","9,188","9,277","9,235","9,422","9,691","10,184","10,376","10,291","10,295","10,420","10,490","10,738","11,111","11,608","12,033","12,717","13,532","14,293","15,283","16,631","17,352","18,386","19,284","20,306","21,700","22,493","23,206","24,226","25,085","26,167","27,002","27,497","26,741","25,663","24,640","29,254","36,766","39,537","39,918","39,627","41,129","42,004","43,410",,,,,,,
91,"4,409","4,601","4,689","5,029","5,283","5,330","5,597","5,637","5,690","5,800","6,564","6,803","6,869","6,877","6,924","6,927","6,918","7,126","7,508","7,801","7,682","7,633","7,792","7,906","8,099","8,256","8,685","8,956","9,225","9,545","10,290","11,275","12,158","12,797","13,693","14,295","15,025","16,061","16,968","17,688","18,450","19,005","19,908","20,863","21,620","21,835","21,592","20,332","20,641","23,657","29,289","32,456","32,431","32,927","33,467","34,744",,,,,,,
92,"2,974","3,109","3,191","3,420","3,647","3,725","3,923","4,002","4,067","4,122","4,658","4,829","4,920","5,003","5,060","5,039","5,072","5,107","5,384","5,623","5,680","5,585","5,623","5,796","5,947","6,096","6,321","6,589","6,732","6,760","7,083","7,970","8,808","9,131","9,857","10,392","10,846","11,651","12,303","13,095","13,764","14,130","14,722","15,479","16,297","16,791","17,231","16,765","16,655","16,291","18,416","23,512","25,748","26,342","26,189","27,195",,,,,,,
93,"1,961","2,024","2,087","2,243","2,392","2,499","2,659","2,736","2,832","2,877","3,251","3,366","3,398","3,494","3,582","3,566","3,578","3,657","3,754","3,942","4,007","4,009","4,006","4,084","4,267","4,372","4,549","4,665","4,816","4,820","4,882","5,321","6,038","6,432","6,824","7,255","7,682","8,184","8,688","9,222","9,907","10,280","10,587","11,149","11,825","12,379","12,916","13,035","13,385","12,831","12,396","14,416","18,164","20,367","20,487","20,793",,,,,,,
94,"1,241","1,310","1,335","1,434","1,538","1,609","1,744","1,792","1,887","1,951","2,210","2,308","2,305","2,347","2,452","2,479","2,478","2,503","2,658","2,672","2,737","2,744","2,803","2,839","2,954","3,054","3,200","3,277","3,331","3,359","3,392","3,556","3,917","4,320","4,707","4,889","5,236","5,684","5,945","6,348","6,830","7,213","7,555","7,829","8,297","8,763","9,330","9,571","10,188","10,031","9,387","9,476","10,870","14,099","15,434","15,825",,,,,,,
95,761,804,841,898,962,"1,014","1,101","1,134","1,187","1,261","1,441","1,505","1,534","1,551","1,595","1,653","1,682","1,699","1,757","1,835","1,787","1,820","1,839","1,930","1,986","2,075","2,185","2,263","2,305","2,274","2,298","2,415","2,582","2,731","3,094","3,288","3,437","3,761","4,014","4,202","4,552","4,841","5,166","5,442","5,658","5,988","6,441","6,711","7,201","7,375","7,234","6,990","6,934","8,179","10,364","11,645",,,,,,,
96,459,472,496,551,582,609,678,704,729,767,910,966,971,985,"1,023","1,034","1,085","1,108","1,156","1,192","1,205","1,157","1,196","1,244","1,339","1,353","1,432","1,495","1,545","1,528","1,508","1,592","1,709","1,754","1,880","2,095","2,241","2,397","2,590","2,762","2,948","3,135","3,334","3,612","3,822","3,972","4,274","4,458","4,889","5,076","5,183","5,220","4,949","5,036","5,817","7,564",,,,,,,
97,253,275,285,317,344,356,394,422,442,460,551,597,599,601,626,641,660,688,737,777,764,778,748,783,832,894,927,959,988,988,"1,001","1,019","1,084","1,112","1,174","1,229","1,377","1,531","1,601","1,715","1,850","1,969","2,112","2,265","2,490","2,583","2,713","2,847","3,149","3,362","3,435","3,587","3,595","3,496","3,499","4,118",,,,,,,
98,131,155,170,175,190,207,223,240,265,273,317,347,361,371,363,373,387,407,443,475,498,480,491,484,508,534,603,602,611,622,629,663,675,676,735,751,792,919,"1,000","1,016","1,105","1,178","1,294","1,396","1,499","1,612","1,706","1,730","1,961","2,106","2,210","2,302","2,367","2,473","2,348","2,402",,,,,,,
99,79,79,93,98,99,109,125,135,149,152,171,190,208,217,221,207,225,243,254,274,282,304,313,310,305,317,357,388,372,378,379,398,429,425,435,466,475,508,578,627,643,685,746,839,890,967,"1,035","1,065","1,162","1,274","1,354","1,430","1,484","1,587","1,606","1,587",,,,,,,
100,47,43,45,54,55,57,65,72,82,83,92,99,109,121,125,139,125,136,145,149,158,165,189,188,193,196,209,223,239,215,218,235,249,257,267,258,278,300,303,350,391,385,416,465,522,563,613,621,686,724,776,859,888,961,"1,009","1,034",,,,,,,
101,23,21,22,24,30,30,31,33,37,45,51,46,49,59,67,70,75,70,78,81,80,82,98,105,111,119,119,128,134,134,127,129,139,143,156,158,148,168,169,169,208,226,217,236,277,307,344,358,385,403,421,472,514,557,594,623,,,,,,,
102,13,11,11,11,11,14,15,13,14,21,28,26,25,25,29,36,38,43,38,44,45,42,47,57,61,64,69,69,74,77,78,74,77,78,84,85,83,75,91,94,98,121,121,123,137,159,178,188,215,225,223,245,279,308,338,360,,,,,,,
103,5,7,7,6,4,4,7,8,6,7,15,16,14,13,14,15,22,21,24,22,24,21,21,24,31,40,40,39,39,39,42,47,42,41,41,44,42,43,43,52,50,53,66,67,69,76,94,96,105,127,130,130,140,166,179,201,,,,,,,
104,2,2,3,3,3,2,2,4,4,3,5,6,6,5,7,7,8,10,11,15,11,10,10,12,13,18,24,23,22,20,19,25,27,20,21,20,22,23,25,26,31,29,29,35,36,39,45,52,51,58,71,72,72,79,95,105,,,,,,,
105+,2,4,7,6,6,6,4,3,3,2,4,4,5,8,7,6,5,5,10,13,16,12,11,9,10,16,20,24,25,24,23,25,24,26,23,16,14,21,24,25,26,25,28,32,39,38,40,42,50,56,65,78,81,84,89,104,,,,,,,
,,,,,,,,,,,,,,,,,,,,,,,,,,,,,,,,,,,,,,,,,,,,,,,,,,,,,,,,,,,,,,,
Total,"25,528,042","25,826,468","25,991,742","26,190,606","26,367,798","26,511,065","26,673,400","26,794,191","26,907,777","26,991,476","27,167,319","27,259,412","27,331,657","27,348,746","27,361,012","27,360,410","27,344,975","27,329,551","27,373,278","27,411,125","27,411,585","27,363,571","27,371,429","27,420,625","27,488,765","27,541,922","27,598,860","27,651,624","27,728,836","27,818,539","27,909,002","27,976,849","28,039,273","28,108,331","28,203,701","28,287,144","28,371,035","28,458,360","28,578,474","28,690,450","28,832,264","28,972,747","29,125,318","29,296,969","29,540,981","29,761,579","30,027,882","30,300,623","30,532,212","30,805,493","31,097,259","31,315,222","31,533,021","31,793,752","32,074,445","32,377,674",,,,,,,
,,,,,,,,,,,,,,,,,,,,,,,,,,,,,,,,,,,,,,,,,,,,,,,,,,,,,,,,,,,,,,,
,,,,,,,,,,,,,,,,,,,,,,,,,,,,,,,,,,,,,,,,,,,,,,,,,,,,,,,,,,,,,,,
,,,,,,,,,,,,,,,,,,,,,,,,,,,,,,,,,,,,,,,,,,,,,,,,,,,,,,,,,,,,,,,
,,,,,,,,,,,,,,,,,,,,,,,,,,,,,,,,,,,,,,,,,,,,,,,,,,,,,,,,,,,,,,,
